timestamp,current,max_capacity,percentageUsed
2026-03-09 15:38:30,16,35,45.714285714285715
2026-03-09 15:43:31,15,35,42.857142857142854
2026-03-09 15:48:31,16,35,45.714285714285715
2026-03-09 15:51:58,20,35,57.14285714285714
2026-03-09 15:57:08,19,35,54.285714285714285
2026-03-09 16:02:08,20,35,57.14285714285714
2026-03-09 16:07:09,23,35,65.71428571428571
2026-03-09 16:12:09,25,35,71.42857142857143
2026-03-09 16:17:10,26,35,74.28571428571429
2026-03-09 16:22:11,26,35,74.28571428571429
2026-03-09 16:27:11,26,35,74.28571428571429
2026-03-09 16:32:12,28,35,80
2026-03-09 16:37:12,29,35,82.85714285714286
2026-03-09 16:42:13,28,35,80
2026-03-09 16:47:14,28,35,80
2026-03-09 16:52:14,26,35,74.28571428571429
2026-03-09 16:06:20,31,35,88.57142857142857
2026-03-09 18:25:16,33,35,94.28571428571428
2026-03-09 19:05:18,30,35,85.71428571428571
2026-03-09 20:06:46,16,35,45.714285714285715
2026-03-09 20:48:21,31,35,88.57142857142857
2026-03-09 21:16:43,31,35,88.57142857142857
2026-03-09 21:53:05,17,35,48.57142857142857
2026-03-09 22:22:24,9,35,25.71428571428571
2026-03-09 22:51:36,2,35,5.714285714285714
2026-03-09 23:15:28,2,35,5.714285714285714
2026-03-09 23:48:46,2,35,5.714285714285714
2026-03-10 00:14:15,0,35,0
2026-03-10 00:44:21,0,35,0
2026-03-10 00:58:11,0,35,0
2026-03-10 05:27:49,4,35,11.428571428571429
2026-03-10 06:32:16,7,35,20
2026-03-10 07:07:14,18,35,51.42857142857142
2026-03-10 08:06:03,11,35,31.428571428571427
2026-03-10 08:51:50,9,35,25.71428571428571
2026-03-10 09:24:48,10,35,28.57142857142857
2026-03-10 10:06:39,8,35,22.857142857142858
2026-03-10 10:58:26,9,35,25.71428571428571
2026-03-10 11:44:15,12,35,34.285714285714285
2026-03-10 12:20:53,14,35,40
2026-03-10 12:50:52,15,35,42.857142857142854
2026-03-10 13:28:21,19,35,54.285714285714285
2026-03-10 14:43:18,17,35,48.57142857142857
2026-03-10 15:31:43,19,35,54.285714285714285
2026-03-10 16:38:32,30,35,85.71428571428571
2026-03-10 17:37:14,26,35,74.28571428571429
2026-03-10 18:27:54,28,35,80
2026-03-10 19:07:53,26,35,74.28571428571429
2026-03-10 20:06:18,18,35,51.42857142857142
2026-03-10 20:48:44,18,35,51.42857142857142
2026-03-10 21:17:18,13,35,37.142857142857146
2026-03-10 21:51:56,11,35,31.428571428571427
2026-03-10 22:18:28,10,35,28.57142857142857
2026-03-10 22:45:28,8,35,22.857142857142858
2026-03-10 22:59:59,5,35,14.285714285714285
2026-03-10 23:36:39,1,35,2.857142857142857
2026-03-10 23:58:16,0,35,0
2026-03-11 00:31:16,0,35,0
2026-03-11 00:52:51,0,35,0
2026-03-11 01:59:10,0,35,0
2026-03-11 05:29:15,3,35,8.571428571428571
2026-03-11 06:34:31,7,35,20
2026-03-11 07:29:09,11,35,31.428571428571427
2026-03-11 08:27:26,11,35,31.428571428571427
2026-03-11 09:01:09,13,35,37.142857142857146
2026-03-11 09:55:41,19,35,54.285714285714285
2026-03-11 10:38:29,15,35,42.857142857142854
2026-03-11 11:23:02,9,35,25.71428571428571
2026-03-11 12:04:32,15,35,42.857142857142854
2026-03-11 12:44:29,16,35,45.714285714285715
2026-03-11 13:03:01,11,35,31.428571428571427
2026-03-11 14:23:13,12,35,34.285714285714285
2026-03-11 15:14:35,15,35,42.857142857142854
2026-03-11 16:07:14,21,35,60
2026-03-11 16:59:40,32,35,91.42857142857143
2026-03-11 18:01:22,20,35,57.14285714285714
2026-03-11 18:54:25,11,35,31.428571428571427
2026-03-11 19:43:45,22,35,62.857142857142854
2026-03-11 20:30:47,25,35,71.42857142857143
2026-03-11 21:00:31,19,35,54.285714285714285
2026-03-11 21:41:58,4,35,11.428571428571429
2026-03-11 22:04:06,3,35,8.571428571428571
2026-03-11 22:44:59,0,35,0
2026-03-11 23:01:13,1,35,2.857142857142857
2026-03-11 23:35:45,2,35,5.714285714285714
2026-03-11 23:55:09,1,35,2.857142857142857
2026-03-12 00:20:38,0,35,0
2026-03-12 00:44:50,0,35,0
2026-03-12 01:00:03,0,35,0
2026-03-12 05:43:52,5,35,14.285714285714285
2026-03-12 06:40:37,4,35,11.428571428571429
2026-03-12 07:33:54,8,35,22.857142857142858
2026-03-12 08:30:57,4,35,11.428571428571429
2026-03-12 09:03:12,12,35,34.285714285714285
2026-03-12 09:57:06,19,35,54.285714285714285
2026-03-12 10:42:25,12,35,34.285714285714285
2026-03-12 11:24:08,8,35,22.857142857142858
2026-03-12 12:04:18,7,35,20
2026-03-12 12:39:20,8,35,22.857142857142858
2026-03-12 12:57:28,10,35,28.57142857142857
2026-03-12 14:02:19,16,35,45.714285714285715
2026-03-12 15:07:39,12,35,34.285714285714285
2026-03-12 16:05:44,25,35,71.42857142857143
2026-03-12 17:11:01,19,35,54.285714285714285
2026-03-12 18:10:09,27,35,77.14285714285715
2026-03-12 19:01:30,17,35,48.57142857142857
2026-03-12 20:05:31,17,35,48.57142857142857
2026-03-12 20:49:26,15,35,42.857142857142854
2026-03-12 21:19:00,14,35,40
2026-03-12 21:55:39,9,35,25.71428571428571
2026-03-12 22:28:45,10,35,28.57142857142857
2026-03-12 22:56:15,5,35,14.285714285714285
2026-03-12 23:23:02,4,35,11.428571428571429
2026-03-12 23:49:19,3,35,8.571428571428571
2026-03-13 00:13:53,0,35,0
2026-03-13 00:43:49,0,35,0
2026-03-13 00:59:26,0,35,0
2026-03-13 05:41:43,7,35,20
2026-03-13 06:37:34,3,35,8.571428571428571
2026-03-13 07:31:06,10,35,28.57142857142857
2026-03-13 08:28:34,5,35,14.285714285714285
2026-03-13 09:01:54,9,35,25.71428571428571
2026-03-13 09:54:04,12,35,34.285714285714285
2026-03-13 10:31:34,10,35,28.57142857142857
2026-03-13 11:04:53,11,35,31.428571428571427
2026-03-13 11:53:07,10,35,28.57142857142857
2026-03-13 12:22:50,14,35,40
2026-03-13 12:49:45,15,35,42.857142857142854
2026-03-13 13:26:28,11,35,31.428571428571427
2026-03-13 14:38:45,12,35,34.285714285714285
2026-03-13 15:26:22,25,35,71.42857142857143
2026-03-13 16:08:16,25,35,71.42857142857143
2026-03-13 16:56:14,30,35,85.71428571428571
2026-03-13 17:37:31,16,35,45.714285714285715
2026-03-13 18:19:58,20,35,57.14285714285714
2026-03-13 18:54:00,17,35,48.57142857142857
2026-03-13 19:30:06,14,35,40
2026-03-13 20:10:08,11,35,31.428571428571427
2026-03-13 20:45:50,10,35,28.57142857142857
2026-03-13 21:02:58,10,35,28.57142857142857
2026-03-13 21:49:24,8,35,22.857142857142858
2026-03-13 22:19:38,11,35,31.428571428571427
2026-03-13 22:51:21,12,35,34.285714285714285
2026-03-13 23:16:10,11,35,31.428571428571427
2026-03-13 23:47:14,4,35,11.428571428571429
2026-03-14 00:03:53,0,35,0
2026-03-14 00:38:17,0,35,0
2026-03-14 00:57:28,0,35,0
2026-03-14 05:28:46,0,35,0
2026-03-14 06:31:48,3,35,8.571428571428571
2026-03-14 07:08:11,4,35,11.428571428571429
2026-03-14 08:04:37,4,35,11.428571428571429
2026-03-14 08:45:50,6,35,17.142857142857142
2026-03-14 09:01:31,5,35,14.285714285714285
2026-03-14 09:48:27,11,35,31.428571428571427
2026-03-14 10:18:35,12,35,34.285714285714285
2026-03-14 10:51:42,12,35,34.285714285714285
2026-03-14 11:14:53,14,35,40
2026-03-14 11:47:58,13,35,37.142857142857146
2026-03-14 12:02:28,13,35,37.142857142857146
2026-03-14 12:33:32,10,35,28.57142857142857
2026-03-14 12:52:10,10,35,28.57142857142857
2026-03-14 13:20:34,9,35,25.71428571428571
2026-03-14 14:16:19,15,35,42.857142857142854
2026-03-14 14:55:30,12,35,34.285714285714285
2026-03-14 15:24:35,14,35,40
2026-03-14 15:52:10,10,35,28.57142857142857
2026-03-14 16:15:31,8,35,22.857142857142858
2026-03-14 16:44:55,6,35,17.142857142857142
2026-03-14 17:00:55,4,35,11.428571428571429
2026-03-14 17:42:14,5,35,14.285714285714285
2026-03-14 18:02:38,4,35,11.428571428571429
2026-03-14 18:36:51,7,35,20
2026-03-14 18:56:51,10,35,28.57142857142857
2026-03-14 19:37:46,10,35,28.57142857142857
2026-03-14 20:06:06,8,35,22.857142857142858
2026-03-14 20:37:21,7,35,20
2026-03-14 20:53:17,10,35,28.57142857142857
2026-03-14 21:15:59,11,35,31.428571428571427
2026-03-14 21:46:45,16,35,45.714285714285715
2026-03-14 22:03:37,14,35,40
2026-03-14 22:36:24,5,35,14.285714285714285
2026-03-14 22:54:56,3,35,8.571428571428571
2026-03-14 23:19:45,2,35,5.714285714285714
2026-03-14 23:47:42,2,35,5.714285714285714
2026-03-15 00:13:25,0,35,0
2026-03-15 00:43:17,0,35,0
2026-03-15 00:59:09,0,35,0
2026-03-15 06:01:18,0,35,0
2026-03-15 07:08:16,1,35,2.857142857142857
2026-03-15 08:12:20,3,35,8.571428571428571
2026-03-15 08:53:10,4,35,11.428571428571429
2026-03-15 09:24:50,8,35,22.857142857142858
2026-03-15 09:59:33,10,35,28.57142857142857
2026-03-15 10:41:21,12,35,34.285714285714285
2026-03-15 11:01:19,17,35,48.57142857142857
2026-03-15 11:41:07,23,35,65.71428571428571
2026-03-15 12:02:08,28,35,80
2026-03-15 12:34:59,22,35,62.857142857142854
2026-03-15 12:53:26,15,35,42.857142857142854
2026-03-15 13:29:52,13,35,37.142857142857146
2026-03-15 14:30:27,15,35,42.857142857142854
2026-03-15 15:03:31,13,35,37.142857142857146
2026-03-15 15:44:06,12,35,34.285714285714285
2026-03-15 16:03:19,14,35,40
2026-03-15 16:39:11,9,35,25.71428571428571
2026-03-15 16:58:06,9,35,25.71428571428571
2026-03-15 17:36:02,10,35,28.57142857142857
2026-03-15 18:00:26,11,35,31.428571428571427
2026-03-15 18:36:55,18,35,51.42857142857142
2026-03-15 18:57:56,12,35,34.285714285714285
2026-03-15 19:41:55,18,35,51.42857142857142
2026-03-15 20:16:30,17,35,48.57142857142857
2026-03-15 20:44:28,11,35,31.428571428571427
2026-03-15 20:59:08,11,35,31.428571428571427
2026-03-15 21:36:22,8,35,22.857142857142858
2026-03-15 21:58:28,6,35,17.142857142857142
2026-03-15 22:32:08,8,35,22.857142857142858
2026-03-15 22:53:32,8,35,22.857142857142858
2026-03-15 23:17:17,4,35,11.428571428571429
2026-03-15 23:49:49,6,35,17.142857142857142
2026-03-16 00:16:19,0,35,0
2026-03-16 00:46:45,0,35,0
2026-03-16 01:03:03,0,35,0
2026-03-16 06:10:40,4,35,11.428571428571429
2026-03-16 07:48:58,7,35,20
2026-03-16 08:58:53,9,35,25.71428571428571
2026-03-16 10:03:03,8,35,22.857142857142858
2026-03-16 11:12:41,13,35,37.142857142857146
2026-03-16 12:11:22,18,35,51.42857142857142
2026-03-16 12:57:03,8,35,22.857142857142858
2026-03-16 14:12:13,17,35,48.57142857142857
2026-03-16 15:38:50,33,35,94.28571428571428
2026-03-16 16:43:47,39,35,111.42857142857143
2026-03-16 17:43:31,37,35,105.71428571428572
2026-03-16 18:44:49,26,35,74.28571428571429
2026-03-16 19:39:27,28,35,80
2026-03-16 20:40:18,17,35,48.57142857142857
2026-03-16 21:05:38,12,35,34.285714285714285
2026-03-16 21:54:24,9,35,25.71428571428571
2026-03-16 22:31:57,6,35,17.142857142857142
2026-03-16 23:04:02,9,35,25.71428571428571
2026-03-16 23:47:47,0,35,0
2026-03-17 00:16:41,0,35,0
2026-03-17 00:45:49,0,35,0
2026-03-17 01:01:51,0,35,0
2026-03-17 05:48:03,4,35,11.428571428571429
2026-03-17 06:47:52,6,35,17.142857142857142
2026-03-17 07:45:48,12,35,34.285714285714285
2026-03-17 08:43:07,10,35,28.57142857142857
2026-03-17 09:32:27,8,35,22.857142857142858
2026-03-17 10:32:17,14,35,40
2026-03-17 11:28:34,14,35,40
2026-03-17 12:23:56,8,35,22.857142857142858
2026-03-17 13:00:10,7,35,20
2026-03-17 14:43:23,10,35,28.57142857142857
2026-03-17 15:42:56,21,35,60
2026-03-17 16:45:37,27,35,77.14285714285715
2026-03-17 17:46:25,28,35,80
2026-03-17 18:44:52,29,35,82.85714285714286
2026-03-17 19:38:18,20,35,57.14285714285714
2026-03-17 20:40:01,21,35,60
2026-03-17 21:20:22,23,35,65.71428571428571
2026-03-17 21:59:45,22,35,62.857142857142854
2026-03-17 22:46:50,14,35,40
2026-03-17 23:18:37,7,35,20
2026-03-17 23:54:26,3,35,8.571428571428571
2026-03-18 00:25:15,0,35,0
2026-03-18 00:53:23,0,35,0
2026-03-18 02:14:24,0,35,0
2026-03-18 05:52:36,9,35,25.71428571428571
2026-03-18 06:54:59,14,35,40
2026-03-18 07:55:17,11,35,31.428571428571427
2026-03-18 08:49:09,8,35,22.857142857142858
2026-03-18 09:32:32,11,35,31.428571428571427
2026-03-18 10:32:00,7,35,20
2026-03-18 11:31:18,7,35,20
2026-03-18 12:26:59,7,35,20
2026-03-18 13:04:42,8,35,22.857142857142858
2026-03-18 14:49:24,8,35,22.857142857142858
2026-03-18 15:53:46,19,35,54.285714285714285
2026-03-18 17:01:01,30,35,85.71428571428571
2026-03-18 18:13:14,15,35,42.857142857142854
2026-03-18 19:10:17,1,35,2.857142857142857
2026-03-18 20:17:05,0,35,0
2026-03-18 20:54:35,6,35,17.142857142857142
2026-03-18 21:28:52,19,35,54.285714285714285
2026-03-18 22:04:30,14,35,40
2026-03-18 22:47:12,6,35,17.142857142857142
2026-03-18 23:17:28,5,35,14.285714285714285
2026-03-18 23:49:58,5,35,14.285714285714285
2026-03-19 00:17:52,0,35,0
2026-03-19 00:45:55,0,35,0
2026-03-19 01:01:55,0,35,0
2026-03-19 05:51:10,3,35,8.571428571428571
2026-03-19 06:47:54,4,35,11.428571428571429
2026-03-19 07:40:22,9,35,25.71428571428571
2026-03-19 08:35:41,8,35,22.857142857142858
2026-03-19 09:06:06,12,35,34.285714285714285
2026-03-19 09:59:23,8,35,22.857142857142858
2026-03-19 10:53:52,10,35,28.57142857142857
2026-03-19 11:31:15,10,35,28.57142857142857
2026-03-19 12:10:01,10,35,28.57142857142857
2026-03-19 12:49:37,4,35,11.428571428571429
2026-03-19 13:29:46,4,35,11.428571428571429
2026-03-19 14:49:32,11,35,31.428571428571427
2026-03-19 15:38:30,14,35,40
2026-03-19 16:33:13,24,35,68.57142857142857
2026-03-19 17:34:26,22,35,62.857142857142854
2026-03-19 18:36:46,19,35,54.285714285714285
2026-03-19 19:30:25,13,35,37.142857142857146
2026-03-19 20:29:27,14,35,40
2026-03-19 21:01:46,14,35,40
2026-03-19 21:51:08,7,35,20
2026-03-19 22:22:34,9,35,25.71428571428571
2026-03-19 22:51:38,6,35,17.142857142857142
2026-03-19 23:14:29,3,35,8.571428571428571
2026-03-19 23:49:24,2,35,5.714285714285714
2026-03-20 00:16:14,0,35,0
2026-03-20 00:46:26,0,35,0
2026-03-20 01:01:54,0,35,0
2026-03-20 05:43:40,6,35,17.142857142857142
2026-03-20 06:40:28,4,35,11.428571428571429
2026-03-20 07:34:39,9,35,25.71428571428571
2026-03-20 08:31:31,5,35,14.285714285714285
2026-03-20 09:03:27,13,35,37.142857142857146
2026-03-20 09:55:40,11,35,31.428571428571427
2026-03-20 10:36:38,13,35,37.142857142857146
2026-03-20 11:08:05,11,35,31.428571428571427
2026-03-20 11:55:55,12,35,34.285714285714285
2026-03-20 12:28:52,14,35,40
2026-03-20 12:54:16,18,35,51.42857142857142
2026-03-20 13:38:44,14,35,40
2026-03-20 14:45:43,15,35,42.857142857142854
2026-03-20 15:31:27,12,35,34.285714285714285
2026-03-20 16:23:35,12,35,34.285714285714285
2026-03-20 17:01:32,20,35,57.14285714285714
2026-03-20 17:56:35,8,35,22.857142857142858
2026-03-20 18:34:30,3,35,8.571428571428571
2026-03-20 19:04:18,3,35,8.571428571428571
2026-03-20 20:03:55,9,35,25.71428571428571
2026-03-20 20:43:49,6,35,17.142857142857142
2026-03-20 21:02:09,5,35,14.285714285714285
2026-03-20 21:46:22,6,35,17.142857142857142
2026-03-20 22:15:10,7,35,20
2026-03-20 22:46:28,5,35,14.285714285714285
2026-03-20 23:00:56,5,35,14.285714285714285
2026-03-20 23:38:36,3,35,8.571428571428571
2026-03-21 00:00:51,0,35,0
2026-03-21 00:37:33,0,35,0
2026-03-21 00:56:24,0,35,0
2026-03-21 05:23:44,0,35,0
2026-03-21 06:25:02,0,35,0
2026-03-21 06:59:49,5,35,14.285714285714285
2026-03-21 07:56:04,5,35,14.285714285714285
2026-03-21 08:30:58,5,35,14.285714285714285
2026-03-21 08:54:37,5,35,14.285714285714285
2026-03-21 09:23:44,9,35,25.71428571428571
2026-03-21 09:54:18,9,35,25.71428571428571
2026-03-21 10:24:39,13,35,37.142857142857146
2026-03-21 10:52:22,9,35,25.71428571428571
2026-03-21 11:13:36,12,35,34.285714285714285
2026-03-21 11:46:40,19,35,54.285714285714285
2026-03-21 12:01:31,18,35,51.42857142857142
2026-03-21 12:31:23,20,35,57.14285714285714
2026-03-21 12:48:42,16,35,45.714285714285715
2026-03-21 12:59:24,13,35,37.142857142857146
2026-03-21 14:02:45,11,35,31.428571428571427
2026-03-21 14:49:27,13,35,37.142857142857146
2026-03-21 15:13:30,13,35,37.142857142857146
2026-03-21 15:45:51,10,35,28.57142857142857
2026-03-21 16:01:13,13,35,37.142857142857146
2026-03-21 16:35:07,9,35,25.71428571428571
2026-03-21 16:52:42,9,35,25.71428571428571
2026-03-21 17:14:43,6,35,17.142857142857142
2026-03-21 17:48:31,9,35,25.71428571428571
2026-03-21 18:13:07,17,35,48.57142857142857
2026-03-21 18:42:35,20,35,57.14285714285714
2026-03-21 18:57:40,20,35,57.14285714285714
2026-03-21 19:38:19,9,35,25.71428571428571
2026-03-21 20:02:46,12,35,34.285714285714285
2026-03-21 20:33:15,9,35,25.71428571428571
2026-03-21 20:49:09,9,35,25.71428571428571
2026-03-21 20:59:21,7,35,20
2026-03-21 21:34:31,5,35,14.285714285714285
2026-03-21 21:55:19,2,35,5.714285714285714
2026-03-21 22:19:54,0,35,0
2026-03-21 22:42:47,2,35,5.714285714285714
2026-03-21 22:57:17,2,35,5.714285714285714
2026-03-21 23:25:48,3,35,8.571428571428571
2026-03-21 23:49:27,2,35,5.714285714285714
2026-03-22 00:11:51,0,35,0
2026-03-22 00:39:16,0,35,0
2026-03-22 00:55:57,0,35,0
2026-03-22 05:48:30,0,35,0
2026-03-22 06:43:19,1,35,2.857142857142857
2026-03-22 07:32:54,0,35,0
2026-03-22 08:24:41,1,35,2.857142857142857
2026-03-22 08:54:34,1,35,2.857142857142857
2026-03-22 09:26:28,2,35,5.714285714285714
2026-03-22 09:58:05,5,35,14.285714285714285
2026-03-22 10:35:40,6,35,17.142857142857142
2026-03-22 10:58:01,10,35,28.57142857142857
2026-03-22 11:30:42,12,35,34.285714285714285
2026-03-22 11:55:26,20,35,57.14285714285714
2026-03-22 12:19:46,19,35,54.285714285714285
2026-03-22 12:41:42,19,35,54.285714285714285
2026-03-22 12:56:24,13,35,37.142857142857146
2026-03-22 13:46:44,20,35,57.14285714285714
2026-03-22 14:33:59,19,35,54.285714285714285
2026-03-22 15:01:59,22,35,62.857142857142854
2026-03-22 15:38:30,9,35,25.71428571428571
2026-03-22 15:58:09,5,35,14.285714285714285
2026-03-22 16:29:39,7,35,20
2026-03-22 16:50:24,6,35,17.142857142857142
2026-03-22 17:13:57,13,35,37.142857142857146
2026-03-22 17:48:07,15,35,42.857142857142854
2026-03-22 18:12:14,9,35,25.71428571428571
2026-03-22 18:41:37,6,35,17.142857142857142
2026-03-22 18:58:00,9,35,25.71428571428571
2026-03-22 19:40:32,9,35,25.71428571428571
2026-03-22 20:05:16,8,35,22.857142857142858
2026-03-22 20:35:49,13,35,37.142857142857146
2026-03-22 20:51:20,10,35,28.57142857142857
2026-03-22 21:00:09,10,35,28.57142857142857
2026-03-22 21:38:08,14,35,40
2026-03-22 21:58:14,12,35,34.285714285714285
2026-03-22 22:29:31,3,35,8.571428571428571
2026-03-22 22:51:04,4,35,11.428571428571429
2026-03-22 23:11:40,3,35,8.571428571428571
2026-03-22 23:45:06,2,35,5.714285714285714
2026-03-23 00:02:11,0,35,0
2026-03-23 00:37:36,0,35,0
2026-03-23 00:57:55,0,35,0
2026-03-23 05:59:08,2,35,5.714285714285714
2026-03-23 07:12:14,8,35,22.857142857142858
2026-03-23 08:39:20,6,35,17.142857142857142
2026-03-23 09:33:48,13,35,37.142857142857146
2026-03-23 10:41:00,10,35,28.57142857142857
2026-03-23 11:36:12,8,35,22.857142857142858
2026-03-23 12:27:38,10,35,28.57142857142857
2026-03-23 13:02:49,10,35,28.57142857142857
2026-03-23 14:42:37,14,35,40
2026-03-23 15:42:21,22,35,62.857142857142854
2026-03-23 16:42:37,43,35,122.85714285714286
2026-03-23 17:35:58,34,35,97.14285714285714
2026-03-23 18:30:22,34,35,97.14285714285714
2026-03-23 19:10:50,37,35,105.71428571428572
2026-03-23 20:12:53,31,35,88.57142857142857
2026-03-23 20:55:45,21,35,60
2026-03-23 21:34:26,15,35,42.857142857142854
2026-03-23 22:06:46,13,35,37.142857142857146
2026-03-23 22:48:40,3,35,8.571428571428571
2026-03-23 23:16:24,4,35,11.428571428571429
2026-03-23 23:54:25,2,35,5.714285714285714
2026-03-24 00:25:15,0,35,0
2026-03-24 00:54:23,0,35,0
2026-03-24 02:19:46,0,35,0
2026-03-24 05:50:24,3,35,8.571428571428571
2026-03-24 06:50:03,5,35,14.285714285714285
2026-03-24 07:45:54,18,35,51.42857142857142
2026-03-24 08:42:53,9,35,25.71428571428571
2026-03-24 09:30:57,10,35,28.57142857142857
2026-03-24 10:31:03,9,35,25.71428571428571
2026-03-24 11:28:02,12,35,34.285714285714285
2026-03-24 12:24:04,6,35,17.142857142857142
2026-03-24 13:01:09,11,35,31.428571428571427
2026-03-24 14:44:03,17,35,48.57142857142857
2026-03-24 15:44:43,22,35,62.857142857142854
2026-03-24 16:47:39,33,35,94.28571428571428
2026-03-24 17:44:02,26,35,74.28571428571429
2026-03-24 18:40:00,21,35,60
2026-03-24 19:38:06,22,35,62.857142857142854
2026-03-24 20:38:26,31,35,88.57142857142857
2026-03-24 21:06:20,16,35,45.714285714285715
2026-03-24 21:55:00,20,35,57.14285714285714
2026-03-24 22:32:08,6,35,17.142857142857142
2026-03-24 23:02:51,3,35,8.571428571428571
2026-03-24 23:43:46,0,35,0
2026-03-25 00:04:41,0,35,0
2026-03-25 00:43:02,0,35,0
2026-03-25 01:01:47,0,35,0
2026-03-25 05:50:31,4,35,11.428571428571429
2026-03-25 06:52:28,9,35,25.71428571428571
2026-03-25 07:46:09,13,35,37.142857142857146
2026-03-25 08:42:17,9,35,25.71428571428571
2026-03-25 09:30:46,8,35,22.857142857142858
2026-03-25 10:30:28,10,35,28.57142857142857
2026-03-25 11:27:33,7,35,20
2026-03-25 12:12:38,6,35,17.142857142857142
2026-03-25 12:56:53,10,35,28.57142857142857
2026-03-25 14:09:07,14,35,40
2026-03-25 15:22:03,17,35,48.57142857142857
2026-03-25 16:39:33,25,35,71.42857142857143
2026-03-25 17:45:26,22,35,62.857142857142854
2026-03-25 18:43:59,25,35,71.42857142857143
2026-03-25 19:36:36,24,35,68.57142857142857
2026-03-25 20:30:23,19,35,54.285714285714285
2026-03-25 21:03:17,17,35,48.57142857142857
2026-03-25 21:52:06,15,35,42.857142857142854
2026-03-25 22:24:28,9,35,25.71428571428571
2026-03-25 22:59:31,2,35,5.714285714285714
2026-03-25 23:44:18,3,35,8.571428571428571
2026-03-26 00:19:34,0,35,0
2026-03-26 00:53:29,0,35,0
2026-03-26 02:19:22,0,35,0
2026-03-26 06:01:30,0,35,0
2026-03-26 07:15:23,10,35,28.57142857142857
2026-03-26 08:37:29,3,35,8.571428571428571
2026-03-26 09:30:23,10,35,28.57142857142857
2026-03-26 10:36:56,8,35,22.857142857142858
2026-03-26 11:32:43,8,35,22.857142857142858
2026-03-26 12:30:06,9,35,25.71428571428571
2026-03-26 13:08:56,8,35,22.857142857142858
2026-03-26 14:57:04,12,35,34.285714285714285
2026-03-26 16:04:08,16,35,45.714285714285715
2026-03-26 17:19:25,13,35,37.142857142857146
2026-03-26 18:31:40,19,35,54.285714285714285
2026-03-26 19:36:05,20,35,57.14285714285714
2026-03-26 20:39:23,12,35,34.285714285714285
2026-03-26 21:04:26,11,35,31.428571428571427
2026-03-26 21:48:25,7,35,20
2026-03-26 22:18:43,9,35,25.71428571428571
2026-03-26 22:48:56,4,35,11.428571428571429
2026-03-26 23:02:20,4,35,11.428571428571429
2026-03-26 23:44:24,1,35,2.857142857142857
2026-03-27 00:03:14,0,35,0
2026-03-27 00:43:00,0,35,0
2026-03-27 01:03:14,0,35,0
2026-03-27 06:02:51,4,35,11.428571428571429
2026-03-27 07:16:54,8,35,22.857142857142858
2026-03-27 08:36:49,4,35,11.428571428571429
2026-03-27 09:27:05,10,35,28.57142857142857
2026-03-27 10:26:28,9,35,25.71428571428571
2026-03-27 11:10:43,8,35,22.857142857142858
2026-03-27 12:06:37,15,35,42.857142857142854
2026-03-27 12:52:41,7,35,20
2026-03-27 13:34:33,7,35,20
2026-03-27 14:54:13,8,35,22.857142857142858
2026-03-27 15:43:54,12,35,34.285714285714285
2026-03-27 16:36:25,20,35,57.14285714285714
2026-03-27 17:31:36,22,35,62.857142857142854
2026-03-27 18:29:10,18,35,51.42857142857142
2026-03-27 19:11:54,16,35,45.714285714285715
2026-03-27 20:11:46,14,35,40
2026-03-27 20:50:35,15,35,42.857142857142854
2026-03-27 21:22:28,10,35,28.57142857142857
2026-03-27 22:00:37,5,35,14.285714285714285
2026-03-27 22:46:36,1,35,2.857142857142857
2026-03-27 23:04:00,2,35,5.714285714285714
2026-03-27 23:48:02,2,35,5.714285714285714
2026-03-28 00:18:47,0,35,0
2026-03-28 00:48:23,0,35,0
2026-03-28 01:56:34,0,35,0
2026-03-28 05:49:11,1,35,2.857142857142857
2026-03-28 06:45:47,3,35,8.571428571428571
2026-03-28 07:39:48,5,35,14.285714285714285
2026-03-28 08:33:10,12,35,34.285714285714285
2026-03-28 09:03:13,15,35,42.857142857142854
2026-03-28 09:53:48,7,35,20
2026-03-28 10:27:59,11,35,31.428571428571427
2026-03-28 11:00:28,15,35,42.857142857142854
2026-03-28 11:41:26,12,35,34.285714285714285
2026-03-28 12:03:37,13,35,37.142857142857146
2026-03-28 12:37:03,8,35,22.857142857142858
2026-03-28 12:55:44,7,35,20
2026-03-28 13:45:53,14,35,40
2026-03-28 14:39:24,11,35,31.428571428571427
2026-03-28 15:17:48,9,35,25.71428571428571
2026-03-28 15:53:43,5,35,14.285714285714285
2026-03-28 16:21:59,5,35,14.285714285714285
2026-03-28 16:50:31,7,35,20
2026-03-28 17:17:27,9,35,25.71428571428571
2026-03-28 17:53:42,7,35,20
2026-03-28 18:20:45,7,35,20
2026-03-28 18:50:56,7,35,20
2026-03-28 19:20:36,4,35,11.428571428571429
2026-03-28 20:03:05,9,35,25.71428571428571
2026-03-28 20:38:31,6,35,17.142857142857142
2026-03-28 20:56:50,6,35,17.142857142857142
2026-03-28 21:29:38,7,35,20
2026-03-28 21:57:29,5,35,14.285714285714285
2026-03-28 22:30:55,4,35,11.428571428571429
2026-03-28 22:55:01,2,35,5.714285714285714
2026-03-28 23:22:10,3,35,8.571428571428571
2026-03-28 23:52:06,1,35,2.857142857142857
2026-03-29 00:17:35,0,35,0
2026-03-29 00:48:55,0,35,0
2026-03-29 03:04:41,0,35,0
2026-03-29 07:06:55,0,35,0
2026-03-29 08:17:03,1,35,2.857142857142857
2026-03-29 09:29:58,2,35,5.714285714285714
2026-03-29 10:02:50,2,35,5.714285714285714
2026-03-29 10:54:28,1,35,2.857142857142857
2026-03-29 11:29:46,9,35,25.71428571428571
2026-03-29 12:02:01,17,35,48.57142857142857
2026-03-29 12:47:37,25,35,71.42857142857143
2026-03-29 13:15:21,20,35,57.14285714285714
2026-03-29 13:44:49,17,35,48.57142857142857
2026-03-29 14:00:38,17,35,48.57142857142857
2026-03-29 15:14:56,17,35,48.57142857142857
2026-03-29 15:59:47,18,35,51.42857142857142
2026-03-29 16:40:29,8,35,22.857142857142858
2026-03-29 17:03:51,8,35,22.857142857142858
2026-03-29 17:42:39,8,35,22.857142857142858
2026-03-29 18:02:25,8,35,22.857142857142858
2026-03-29 18:48:16,11,35,31.428571428571427
2026-03-29 19:17:25,6,35,17.142857142857142
2026-03-29 19:50:55,8,35,22.857142857142858
2026-03-29 20:21:58,2,35,5.714285714285714
2026-03-29 21:05:49,5,35,14.285714285714285
2026-03-29 21:42:49,7,35,20
2026-03-29 22:00:48,7,35,20
2026-03-29 22:44:03,4,35,11.428571428571429
2026-03-29 23:04:53,1,35,2.857142857142857
2026-03-29 23:44:02,0,35,0
2026-03-30 00:01:50,0,35,0
2026-03-30 00:43:03,0,35,0
2026-03-30 01:05:19,0,35,0
2026-03-30 01:46:17,0,35,0
2026-03-30 03:04:50,0,35,0
2026-03-30 07:18:49,5,35,14.285714285714285
2026-03-30 09:02:30,8,35,22.857142857142858
2026-03-30 10:25:43,13,35,37.142857142857146
2026-03-30 11:54:05,9,35,25.71428571428571
2026-03-30 12:55:27,7,35,20
2026-03-30 13:52:52,12,35,34.285714285714285
2026-03-30 14:48:08,16,35,45.714285714285715
2026-03-30 16:15:59,24,35,68.57142857142857
2026-03-30 17:43:09,18,35,51.42857142857142
2026-03-30 18:40:13,29,35,82.85714285714286
2026-03-30 19:36:07,24,35,68.57142857142857
2026-03-30 20:35:47,13,35,37.142857142857146
2026-03-30 21:37:23,9,35,25.71428571428571
2026-03-30 22:23:07,2,35,5.714285714285714
2026-03-30 23:05:28,2,35,5.714285714285714
2026-03-30 23:54:14,1,35,2.857142857142857
2026-03-31 00:26:53,0,35,0
2026-03-31 01:02:56,0,35,0
2026-03-31 01:47:47,0,35,0
2026-03-31 03:02:44,0,35,0
2026-03-31 07:05:09,5,35,14.285714285714285
2026-03-31 08:21:24,6,35,17.142857142857142
2026-03-31 09:47:42,7,35,20
2026-03-31 10:42:48,9,35,25.71428571428571
2026-03-31 11:46:02,10,35,28.57142857142857
2026-03-31 12:39:53,8,35,22.857142857142858
2026-03-31 13:33:20,9,35,25.71428571428571
2026-03-31 14:09:54,12,35,34.285714285714285
2026-03-31 16:01:26,7,35,20
2026-03-31 17:13:43,12,35,34.285714285714285
2026-03-31 18:16:03,17,35,48.57142857142857
2026-03-31 19:15:41,12,35,34.285714285714285
2026-03-31 20:08:49,6,35,17.142857142857142
2026-03-31 21:18:03,11,35,31.428571428571427
2026-03-31 22:01:48,6,35,17.142857142857142
2026-03-31 22:53:10,5,35,14.285714285714285
2026-03-31 23:27:36,4,35,11.428571428571429
2026-04-01 00:02:53,0,35,0
2026-04-01 00:47:21,0,35,0
2026-04-01 01:19:24,0,35,0
2026-04-01 01:52:32,0,35,0
2026-04-01 03:15:24,0,35,0
2026-04-01 07:19:33,6,35,17.142857142857142
2026-04-01 08:56:36,9,35,25.71428571428571
2026-04-01 10:14:57,4,35,11.428571428571429
2026-04-01 11:37:10,12,35,34.285714285714285
2026-04-01 12:37:57,11,35,31.428571428571427
2026-04-01 13:33:44,11,35,31.428571428571427
2026-04-01 14:37:52,10,35,28.57142857142857
2026-04-01 16:13:55,12,35,34.285714285714285
2026-04-01 17:42:59,7,35,20
2026-04-01 18:37:42,13,35,37.142857142857146
2026-04-01 19:33:26,17,35,48.57142857142857
2026-04-01 20:32:09,8,35,22.857142857142858
2026-04-01 21:39:49,10,35,28.57142857142857
2026-04-01 22:24:18,2,35,5.714285714285714
2026-04-01 23:06:07,3,35,8.571428571428571
2026-04-01 23:54:41,2,35,5.714285714285714
2026-04-02 00:30:13,0,35,0
2026-04-02 01:07:25,0,35,0
2026-04-02 01:48:31,0,35,0
2026-04-02 02:59:33,0,35,0
2026-04-02 06:58:28,2,35,5.714285714285714
2026-04-02 08:13:03,2,35,5.714285714285714
2026-04-02 09:41:52,6,35,17.142857142857142
2026-04-02 10:38:33,11,35,31.428571428571427
2026-04-02 11:41:24,10,35,28.57142857142857
2026-04-02 12:34:57,16,35,45.714285714285715
2026-04-02 13:27:55,15,35,42.857142857142854
2026-04-02 14:07:04,10,35,28.57142857142857
2026-04-02 15:53:19,15,35,42.857142857142854
2026-04-02 16:46:07,10,35,28.57142857142857
2026-04-02 17:43:56,10,35,28.57142857142857
2026-04-02 18:38:43,12,35,34.285714285714285
2026-04-02 19:30:49,6,35,17.142857142857142
2026-04-02 20:10:27,7,35,20
2026-04-02 21:15:11,6,35,17.142857142857142
2026-04-02 21:59:01,4,35,11.428571428571429
2026-04-02 22:40:35,3,35,8.571428571428571
2026-04-02 23:19:49,2,35,5.714285714285714
2026-04-02 23:55:03,2,35,5.714285714285714
2026-04-03 00:26:16,0,35,0
2026-04-03 00:58:30,0,35,0
2026-04-03 01:38:47,0,35,0
2026-04-03 02:03:04,0,35,0
2026-04-03 07:00:45,4,35,11.428571428571429
2026-04-03 08:14:53,2,35,5.714285714285714
2026-04-03 09:38:22,5,35,14.285714285714285
2026-04-03 10:30:18,9,35,25.71428571428571
2026-04-03 11:30:49,14,35,40
2026-04-03 12:09:41,11,35,31.428571428571427
2026-04-03 13:02:40,16,35,45.714285714285715
2026-04-03 13:48:05,21,35,60
2026-04-03 14:30:17,21,35,60
2026-04-03 15:44:39,15,35,42.857142857142854
2026-04-03 16:29:18,16,35,45.714285714285715
2026-04-03 17:10:10,11,35,31.428571428571427
2026-04-03 17:52:42,18,35,51.42857142857142
2026-04-03 18:25:31,12,35,34.285714285714285
2026-04-03 19:02:03,5,35,14.285714285714285
2026-04-03 19:46:59,4,35,11.428571428571429
2026-04-03 20:25:35,9,35,25.71428571428571
2026-04-03 21:10:14,10,35,28.57142857142857
2026-04-03 21:52:25,2,35,5.714285714285714
2026-04-03 22:21:26,4,35,11.428571428571429
2026-04-03 22:57:59,2,35,5.714285714285714
2026-04-03 23:36:09,3,35,8.571428571428571
2026-04-04 00:01:16,0,35,0
2026-04-04 00:45:09,0,35,0
2026-04-04 01:18:53,0,35,0
2026-04-04 01:51:42,0,35,0
2026-04-04 02:59:04,0,35,0
2026-04-04 06:46:07,4,35,11.428571428571429
2026-04-04 07:45:23,2,35,5.714285714285714
2026-04-04 08:41:09,2,35,5.714285714285714
2026-04-04 09:36:35,5,35,14.285714285714285
2026-04-04 10:05:34,3,35,8.571428571428571
2026-04-04 10:55:31,5,35,14.285714285714285
2026-04-04 11:33:31,4,35,11.428571428571429
2026-04-04 12:03:13,5,35,14.285714285714285
2026-04-04 12:48:12,9,35,25.71428571428571
2026-04-04 13:16:15,10,35,28.57142857142857
2026-04-04 13:45:53,16,35,45.714285714285715
2026-04-04 14:01:46,15,35,42.857142857142854
2026-04-04 15:16:09,13,35,37.142857142857146
2026-04-04 16:00:28,9,35,25.71428571428571
2026-04-04 16:41:14,8,35,22.857142857142858
2026-04-04 17:04:00,10,35,28.57142857142857
2026-04-04 17:43:58,5,35,14.285714285714285
2026-04-04 18:02:25,11,35,31.428571428571427
2026-04-04 18:49:07,14,35,40
2026-04-04 19:18:03,10,35,28.57142857142857
2026-04-04 19:50:41,8,35,22.857142857142858
2026-04-04 20:21:48,8,35,22.857142857142858
2026-04-04 21:05:04,7,35,20
2026-04-04 21:40:50,2,35,5.714285714285714
2026-04-04 21:58:57,4,35,11.428571428571429
2026-04-04 22:38:22,5,35,14.285714285714285
2026-04-04 23:01:46,7,35,20
2026-04-04 23:40:40,2,35,5.714285714285714
2026-04-04 23:58:58,1,35,2.857142857142857
2026-04-05 00:35:04,0,35,0
2026-04-05 01:00:33,0,35,0
2026-04-05 01:39:43,0,35,0
2026-04-05 02:01:36,0,35,0
2026-04-05 07:07:25,1,35,2.857142857142857
2026-04-05 08:18:59,1,35,2.857142857142857
2026-04-05 09:34:09,3,35,8.571428571428571
2026-04-05 10:05:38,4,35,11.428571428571429
2026-04-05 10:57:52,15,35,42.857142857142854
2026-04-05 11:40:32,15,35,42.857142857142854
2026-04-05 12:06:02,16,35,45.714285714285715
2026-04-05 12:52:19,14,35,40
2026-04-05 13:18:32,12,35,34.285714285714285
2026-04-05 13:47:40,12,35,34.285714285714285
2026-04-05 14:03:00,14,35,40
2026-04-05 15:18:06,20,35,57.14285714285714
2026-04-05 16:02:28,17,35,48.57142857142857
2026-04-05 16:47:22,3,35,8.571428571428571
2026-04-05 17:17:26,4,35,11.428571428571429
2026-04-05 17:49:58,12,35,34.285714285714285
2026-04-05 18:20:12,9,35,25.71428571428571
2026-04-05 18:58:08,12,35,34.285714285714285
2026-04-05 19:34:59,16,35,45.714285714285715
2026-04-05 20:00:17,20,35,57.14285714285714
2026-04-05 20:57:54,9,35,25.71428571428571
2026-04-05 21:34:44,9,35,25.71428571428571
2026-04-05 21:57:49,8,35,22.857142857142858
2026-04-05 22:36:00,7,35,20
2026-04-05 23:01:59,7,35,20
2026-04-05 23:42:13,1,35,2.857142857142857
2026-04-06 00:00:41,0,35,0
2026-04-06 00:41:24,0,35,0
2026-04-06 01:04:11,0,35,0
2026-04-06 01:46:54,0,35,0
2026-04-06 03:05:09,0,35,0
2026-04-06 07:18:00,2,35,5.714285714285714
2026-04-06 09:04:08,5,35,14.285714285714285
2026-04-06 10:43:24,14,35,40
2026-04-06 11:52:40,23,35,65.71428571428571
2026-04-06 12:44:57,25,35,71.42857142857143
2026-04-06 13:36:50,22,35,62.857142857142854
2026-04-06 14:33:41,18,35,51.42857142857142
2026-04-06 15:53:41,15,35,42.857142857142854
2026-04-06 16:39:59,19,35,54.285714285714285
2026-04-06 17:30:44,17,35,48.57142857142857
2026-04-06 18:10:31,11,35,31.428571428571427
2026-04-06 19:05:16,11,35,31.428571428571427
2026-04-06 20:00:11,10,35,28.57142857142857
2026-04-06 21:12:52,9,35,25.71428571428571
2026-04-06 21:57:38,9,35,25.71428571428571
2026-04-06 22:38:23,8,35,22.857142857142858
2026-04-06 23:21:00,6,35,17.142857142857142
2026-04-06 23:54:21,2,35,5.714285714285714
2026-04-07 00:27:35,0,35,0
2026-04-07 01:03:25,0,35,0
2026-04-07 01:47:31,0,35,0
2026-04-07 03:03:33,0,35,0
2026-04-07 07:05:09,8,35,22.857142857142858
2026-04-07 08:24:04,6,35,17.142857142857142
2026-04-07 09:53:56,14,35,40
2026-04-07 10:52:46,15,35,42.857142857142854
2026-04-07 11:56:08,10,35,28.57142857142857
2026-04-07 12:52:36,4,35,11.428571428571429
2026-04-07 13:42:45,9,35,25.71428571428571
2026-04-07 14:44:04,11,35,31.428571428571427
2026-04-07 16:16:42,26,35,74.28571428571429
2026-04-07 17:48:13,17,35,48.57142857142857
2026-04-07 18:41:05,19,35,54.285714285714285
2026-04-07 19:40:31,27,35,77.14285714285715
2026-04-07 20:36:25,23,35,65.71428571428571
2026-04-07 21:40:06,4,35,11.428571428571429
2026-04-07 22:23:40,4,35,11.428571428571429
2026-04-07 23:07:45,5,35,14.285714285714285
2026-04-07 23:55:47,0,35,0
2026-04-08 00:34:27,0,35,0
2026-04-08 01:09:05,0,35,0
2026-04-08 01:53:16,0,35,0
2026-04-08 03:19:05,0,35,0
2026-04-08 07:06:30,7,35,20
2026-04-08 08:48:06,7,35,20
2026-04-08 10:03:13,10,35,28.57142857142857
2026-04-08 11:16:16,10,35,28.57142857142857
2026-04-08 12:18:42,11,35,31.428571428571427
2026-04-08 13:17:05,9,35,25.71428571428571
2026-04-08 14:04:59,10,35,28.57142857142857
2026-04-08 15:59:06,17,35,48.57142857142857
2026-04-08 17:16:22,25,35,71.42857142857143
2026-04-08 18:38:23,23,35,65.71428571428571
2026-04-08 19:44:38,23,35,65.71428571428571
2026-04-08 20:52:21,15,35,42.857142857142854
2026-04-08 21:52:16,18,35,51.42857142857142
2026-04-08 22:28:41,10,35,28.57142857142857
2026-04-08 23:11:31,5,35,14.285714285714285
2026-04-09 00:00:24,0,35,0
2026-04-09 00:53:18,0,35,0
2026-04-09 01:29:22,0,35,0
2026-04-09 02:00:27,0,35,0
2026-04-09 07:05:17,8,35,22.857142857142858
2026-04-09 08:47:16,9,35,25.71428571428571
2026-04-09 10:06:52,8,35,22.857142857142858
2026-04-09 11:22:17,10,35,28.57142857142857
2026-04-09 12:37:03,9,35,25.71428571428571
2026-04-09 13:35:22,7,35,20
2026-04-09 14:43:28,6,35,17.142857142857142
2026-04-09 16:27:40,21,35,60
2026-04-09 18:01:46,16,35,45.714285714285715
2026-04-09 19:17:58,35,35,100
2026-04-09 20:12:31,26,35,74.28571428571429
2026-04-09 21:36:55,11,35,31.428571428571427
2026-04-09 22:28:58,9,35,25.71428571428571
2026-04-09 23:10:41,4,35,11.428571428571429
2026-04-10 00:00:13,0,35,0
2026-04-10 00:53:16,0,35,0
2026-04-10 01:29:41,0,35,0
2026-04-10 02:03:38,0,35,0
2026-04-10 07:19:41,7,35,20
2026-04-10 09:03:19,9,35,25.71428571428571
2026-04-10 10:43:07,5,35,14.285714285714285
2026-04-10 11:51:32,9,35,25.71428571428571
2026-04-10 12:41:15,11,35,31.428571428571427
2026-04-10 13:32:50,16,35,45.714285714285715
2026-04-10 14:08:48,13,35,37.142857142857146
2026-04-10 15:46:54,15,35,42.857142857142854
2026-04-10 16:38:34,19,35,54.285714285714285
2026-04-10 17:31:03,11,35,31.428571428571427
2026-04-10 18:29:58,11,35,31.428571428571427
2026-04-10 19:26:17,10,35,28.57142857142857
2026-04-10 20:07:32,13,35,37.142857142857146
2026-04-10 21:09:25,11,35,31.428571428571427
2026-04-10 21:52:33,3,35,8.571428571428571
2026-04-10 22:22:30,6,35,17.142857142857142
2026-04-10 22:59:52,4,35,11.428571428571429
2026-04-10 23:48:39,1,35,2.857142857142857
2026-04-11 00:21:42,0,35,0
2026-04-11 00:59:40,0,35,0
2026-04-11 01:42:52,0,35,0
2026-04-11 02:05:15,0,35,0
2026-04-11 06:50:39,5,35,14.285714285714285
2026-04-11 07:49:50,6,35,17.142857142857142
2026-04-11 08:43:11,7,35,20
2026-04-11 09:37:56,2,35,5.714285714285714
2026-04-11 10:07:14,7,35,20
2026-04-11 10:59:01,18,35,51.42857142857142
2026-04-11 11:49:03,19,35,54.285714285714285
2026-04-11 12:19:48,19,35,54.285714285714285
2026-04-11 12:57:35,13,35,37.142857142857146
2026-04-11 13:30:53,14,35,40
2026-04-11 13:55:45,13,35,37.142857142857146
2026-04-11 14:50:21,10,35,28.57142857142857
2026-04-11 15:44:31,13,35,37.142857142857146
2026-04-11 16:23:18,10,35,28.57142857142857
2026-04-11 16:59:17,9,35,25.71428571428571
2026-04-11 17:38:52,7,35,20
2026-04-11 18:01:34,5,35,14.285714285714285
2026-04-11 18:50:14,8,35,22.857142857142858
2026-04-11 19:19:50,5,35,14.285714285714285
2026-04-11 19:52:28,7,35,20
2026-04-11 20:24:22,10,35,28.57142857142857
2026-04-11 21:08:53,12,35,34.285714285714285
2026-04-11 21:48:16,11,35,31.428571428571427
2026-04-11 22:15:23,10,35,28.57142857142857
2026-04-11 22:52:37,5,35,14.285714285714285
2026-04-11 23:20:57,2,35,5.714285714285714
2026-04-11 23:52:16,1,35,2.857142857142857
2026-04-12 00:16:44,0,35,0
2026-04-12 00:54:23,0,35,0
2026-04-12 01:25:31,0,35,0
2026-04-12 01:57:27,0,35,0
2026-04-12 07:18:09,0,35,0
2026-04-12 08:50:21,6,35,17.142857142857142
2026-04-12 09:54:22,11,35,31.428571428571427
2026-04-12 10:38:41,13,35,37.142857142857146
2026-04-12 11:30:06,21,35,60
2026-04-12 12:09:05,22,35,62.857142857142854
2026-04-12 12:57:45,24,35,68.57142857142857
2026-04-12 13:35:11,24,35,68.57142857142857
2026-04-12 14:01:02,16,35,45.714285714285715
2026-04-12 15:19:52,17,35,48.57142857142857
2026-04-12 16:06:05,17,35,48.57142857142857
2026-04-12 16:54:31,8,35,22.857142857142858
2026-04-12 17:29:55,11,35,31.428571428571427
2026-04-12 18:02:41,7,35,20
2026-04-12 18:53:25,10,35,28.57142857142857
2026-04-12 19:26:23,8,35,22.857142857142858
2026-04-12 20:00:11,8,35,22.857142857142858
2026-04-12 21:02:11,6,35,17.142857142857142
2026-04-12 21:45:28,8,35,22.857142857142858
2026-04-12 22:17:19,4,35,11.428571428571429
2026-04-12 22:55:16,1,35,2.857142857142857
2026-04-12 23:29:16,1,35,2.857142857142857
2026-04-13 00:00:11,0,35,0
2026-04-13 00:44:32,0,35,0
2026-04-13 01:19:12,0,35,0
2026-04-13 01:54:36,0,35,0
2026-04-13 03:59:27,0,35,0
2026-04-13 07:36:02,4,35,11.428571428571429
2026-04-13 09:28:31,7,35,20
2026-04-13 11:19:16,13,35,37.142857142857146
2026-04-13 12:57:50,6,35,17.142857142857142
2026-04-13 14:04:37,16,35,45.714285714285715
2026-04-13 16:03:57,21,35,60
2026-04-13 17:39:51,35,35,100
2026-04-13 18:45:41,20,35,57.14285714285714
2026-04-13 19:43:48,19,35,54.285714285714285
2026-04-13 20:50:39,28,35,80
2026-04-13 21:57:30,9,35,25.71428571428571
2026-04-13 22:56:57,6,35,17.142857142857142
2026-04-13 23:50:02,3,35,8.571428571428571
2026-04-14 00:31:14,0,35,0
2026-04-14 01:25:22,0,35,0
2026-04-14 02:04:48,0,35,0
2026-04-14 07:17:32,8,35,22.857142857142858
2026-04-14 09:02:26,7,35,20
2026-04-14 10:49:29,5,35,14.285714285714285
2026-04-14 12:02:21,8,35,22.857142857142858
2026-04-14 13:13:39,11,35,31.428571428571427
2026-04-14 14:08:40,9,35,25.71428571428571
2026-04-14 16:09:24,23,35,65.71428571428571
2026-04-14 17:37:05,28,35,80
2026-04-14 18:43:02,18,35,51.42857142857142
2026-04-14 19:49:06,25,35,71.42857142857143
2026-04-14 20:51:48,24,35,68.57142857142857
2026-04-14 21:56:52,16,35,45.714285714285715
2026-04-14 22:53:03,6,35,17.142857142857142
2026-04-14 23:40:41,4,35,11.428571428571429
2026-04-15 00:29:17,0,35,0
2026-04-15 01:24:45,0,35,0
2026-04-15 02:04:23,0,35,0
2026-04-15 07:18:17,10,35,28.57142857142857
2026-04-15 09:03:56,8,35,22.857142857142858
2026-04-15 10:51:12,5,35,14.285714285714285
2026-04-15 12:03:50,8,35,22.857142857142858
2026-04-15 13:12:28,4,35,11.428571428571429
2026-04-15 14:05:21,14,35,40
2026-04-15 16:01:21,14,35,40
2026-04-15 17:13:50,20,35,57.14285714285714
2026-04-15 18:15:11,17,35,48.57142857142857
2026-04-15 19:32:46,31,35,88.57142857142857
2026-04-15 20:44:14,20,35,57.14285714285714
2026-04-15 21:52:29,2,35,5.714285714285714
2026-04-15 22:34:32,3,35,8.571428571428571
2026-04-15 23:32:04,3,35,8.571428571428571
2026-04-16 00:22:41,0,35,0
2026-04-16 01:05:42,0,35,0
2026-04-16 01:55:55,0,35,0
2026-04-16 07:25:24,9,35,25.71428571428571
2026-04-16 09:09:01,10,35,28.57142857142857
2026-04-16 10:54:05,8,35,22.857142857142858
2026-04-16 12:08:22,13,35,37.142857142857146
2026-04-16 13:18:44,9,35,25.71428571428571
2026-04-16 14:12:16,5,35,14.285714285714285
2026-04-16 16:13:46,19,35,54.285714285714285
2026-04-16 17:56:21,20,35,57.14285714285714
2026-04-16 19:11:29,24,35,68.57142857142857
2026-04-16 20:17:51,18,35,51.42857142857142
2026-04-16 21:39:19,8,35,22.857142857142858
2026-04-16 22:28:36,3,35,8.571428571428571
2026-04-16 23:11:28,5,35,14.285714285714285
2026-04-16 23:58:45,0,35,0
2026-04-17 00:48:09,0,35,0
2026-04-17 01:27:45,0,35,0
2026-04-17 02:05:22,0,35,0
2026-04-17 07:22:46,8,35,22.857142857142858
2026-04-17 09:08:09,7,35,20
2026-04-17 10:52:02,6,35,17.142857142857142
2026-04-17 12:01:01,9,35,25.71428571428571
2026-04-17 13:05:55,11,35,31.428571428571427
2026-04-17 14:00:56,10,35,28.57142857142857
2026-04-17 15:50:26,18,35,51.42857142857142
2026-04-17 16:45:32,19,35,54.285714285714285
2026-04-17 17:43:54,10,35,28.57142857142857
2026-04-17 18:36:46,10,35,28.57142857142857
2026-04-17 19:29:50,7,35,20
2026-04-17 20:29:30,12,35,34.285714285714285
2026-04-17 21:39:04,14,35,40
2026-04-17 22:24:16,5,35,14.285714285714285
2026-04-17 23:07:33,4,35,11.428571428571429
2026-04-17 23:58:08,0,35,0
2026-04-18 00:41:55,0,35,0
2026-04-18 01:24:33,0,35,0
2026-04-18 02:02:02,0,35,0
2026-04-18 07:02:20,4,35,11.428571428571429
2026-04-18 08:16:56,6,35,17.142857142857142
2026-04-18 09:36:27,5,35,14.285714285714285
2026-04-18 10:23:45,12,35,34.285714285714285
2026-04-18 11:09:02,15,35,42.857142857142854
2026-04-18 11:59:41,14,35,40
2026-04-18 12:50:08,8,35,22.857142857142858
2026-04-18 13:23:37,11,35,31.428571428571427
2026-04-18 13:54:59,15,35,42.857142857142854
2026-04-18 14:49:58,9,35,25.71428571428571
2026-04-18 15:51:14,6,35,17.142857142857142
2026-04-18 16:30:30,7,35,20
2026-04-18 17:09:29,8,35,22.857142857142858
2026-04-18 17:52:21,6,35,17.142857142857142
2026-04-18 18:23:52,1,35,2.857142857142857
2026-04-18 19:03:09,8,35,22.857142857142858
2026-04-18 19:49:32,10,35,28.57142857142857
2026-04-18 20:27:02,11,35,31.428571428571427
2026-04-18 21:22:09,10,35,28.57142857142857
2026-04-18 21:55:36,6,35,17.142857142857142
2026-04-18 22:31:22,4,35,11.428571428571429
2026-04-18 23:04:08,3,35,8.571428571428571
2026-04-18 23:47:53,2,35,5.714285714285714
2026-04-19 00:17:08,0,35,0
2026-04-19 00:57:11,0,35,0
2026-04-19 01:34:46,0,35,0
2026-04-19 02:03:17,0,35,0
2026-04-19 07:23:44,0,35,0
2026-04-19 08:55:38,3,35,8.571428571428571
2026-04-19 10:03:48,10,35,28.57142857142857
2026-04-19 11:03:51,19,35,54.285714285714285
2026-04-19 11:57:16,19,35,54.285714285714285
2026-04-19 12:39:07,13,35,37.142857142857146
2026-04-19 13:21:11,15,35,42.857142857142854
2026-04-19 13:53:51,10,35,28.57142857142857
2026-04-19 14:38:58,11,35,31.428571428571427
2026-04-19 15:45:44,10,35,28.57142857142857
2026-04-19 16:27:33,9,35,25.71428571428571
2026-04-19 17:06:15,9,35,25.71428571428571
2026-04-19 17:51:18,7,35,20
2026-04-19 18:23:22,11,35,31.428571428571427
2026-04-19 19:01:48,10,35,28.57142857142857
2026-04-19 19:47:36,12,35,34.285714285714285
2026-04-19 20:27:29,14,35,40
2026-04-19 21:22:25,10,35,28.57142857142857
2026-04-19 21:56:26,6,35,17.142857142857142
2026-04-19 22:35:29,4,35,11.428571428571429
2026-04-19 23:06:06,2,35,5.714285714285714
2026-04-19 23:49:04,0,35,0
2026-04-20 00:19:15,0,35,0
2026-04-20 00:58:27,0,35,0
2026-04-20 01:40:30,0,35,0
2026-04-20 03:09:11,0,35,0
2026-04-20 07:34:54,4,35,11.428571428571429
2026-04-20 09:29:49,10,35,28.57142857142857
2026-04-20 11:26:49,8,35,22.857142857142858
2026-04-20 13:03:04,7,35,20
2026-04-20 14:11:14,9,35,25.71428571428571
2026-04-20 16:10:35,22,35,62.857142857142854
2026-04-20 17:42:44,29,35,82.85714285714286
2026-04-20 18:45:23,20,35,57.14285714285714
2026-04-20 19:43:23,35,35,100
2026-04-20 20:42:42,27,35,77.14285714285715
2026-04-20 21:45:32,14,35,40
2026-04-20 22:29:09,12,35,34.285714285714285
2026-04-20 23:24:25,4,35,11.428571428571429
2026-04-21 00:06:33,0,35,0
2026-04-21 01:00:10,0,35,0
2026-04-21 01:53:18,0,35,0
2026-04-21 03:24:10,0,35,0
2026-04-21 07:22:07,10,35,28.57142857142857
2026-04-21 09:09:16,8,35,22.857142857142858
2026-04-21 11:00:02,7,35,20
2026-04-21 12:23:01,4,35,11.428571428571429
2026-04-21 13:35:34,7,35,20
2026-04-21 14:44:27,7,35,20
2026-04-21 16:21:57,19,35,54.285714285714285
2026-04-21 17:47:31,20,35,57.14285714285714
2026-04-21 18:42:44,21,35,60
2026-04-21 19:42:38,21,35,60
2026-04-21 20:44:52,14,35,40
2026-04-21 21:51:59,19,35,54.285714285714285
2026-04-21 22:37:02,11,35,31.428571428571427
2026-04-21 23:27:25,5,35,14.285714285714285
2026-04-22 00:07:54,0,35,0
2026-04-22 00:57:03,0,35,0
2026-04-22 01:34:34,0,35,0
2026-04-22 02:04:18,0,35,0
2026-04-22 07:20:16,11,35,31.428571428571427
2026-04-22 09:08:30,10,35,28.57142857142857
2026-04-22 10:55:32,3,35,8.571428571428571
2026-04-22 12:16:26,11,35,31.428571428571427
2026-04-22 13:33:14,12,35,34.285714285714285
2026-04-22 14:42:03,8,35,22.857142857142858
2026-04-22 16:19:46,16,35,45.714285714285715
2026-04-22 17:44:55,17,35,48.57142857142857
2026-04-22 18:43:41,20,35,57.14285714285714
2026-04-22 19:42:46,25,35,71.42857142857143
2026-04-22 20:45:35,13,35,37.142857142857146
2026-04-22 21:53:54,18,35,51.42857142857142
2026-04-22 22:42:54,10,35,28.57142857142857
2026-04-22 23:37:18,1,35,2.857142857142857
2026-04-23 00:28:13,0,35,0
2026-04-23 01:25:56,0,35,0
2026-04-23 02:08:32,0,35,0
2026-04-23 07:24:52,8,35,22.857142857142858
2026-04-23 09:12:31,14,35,40
2026-04-23 11:02:57,7,35,20
2026-04-23 12:41:57,6,35,17.142857142857142
2026-04-23 13:44:09,7,35,20
2026-04-23 14:45:59,4,35,11.428571428571429
2026-04-23 16:59:07,17,35,48.57142857142857
2026-04-23 18:45:51,14,35,40
2026-04-23 19:59:02,19,35,54.285714285714285
2026-04-23 21:19:28,8,35,22.857142857142858
2026-04-23 22:14:33,8,35,22.857142857142858
2026-04-23 23:08:51,7,35,20
2026-04-23 23:59:25,0,35,0
2026-04-24 00:54:33,0,35,0
2026-04-24 01:37:56,0,35,0
2026-04-24 03:11:53,0,35,0
2026-04-24 07:29:41,6,35,17.142857142857142
2026-04-24 09:18:01,8,35,22.857142857142858
2026-04-24 11:12:54,9,35,25.71428571428571
2026-04-24 12:44:31,6,35,17.142857142857142
2026-04-24 13:46:06,13,35,37.142857142857146
2026-04-24 14:46:29,14,35,40
2026-04-24 16:21:50,12,35,34.285714285714285
2026-04-24 17:42:23,13,35,37.142857142857146
2026-04-24 18:39:00,9,35,25.71428571428571
2026-04-24 19:35:13,14,35,40
2026-04-24 20:25:43,10,35,28.57142857142857
2026-04-24 21:27:08,5,35,14.285714285714285
2026-04-24 22:06:23,6,35,17.142857142857142
2026-04-24 23:02:12,1,35,2.857142857142857
2026-04-24 23:55:39,0,35,0
2026-04-25 00:35:43,0,35,0
2026-04-25 01:22:43,0,35,0
2026-04-25 01:59:08,0,35,0
2026-04-25 07:07:01,2,35,5.714285714285714
2026-04-25 08:43:57,7,35,20
2026-04-25 09:54:34,7,35,20
2026-04-25 10:43:20,8,35,22.857142857142858
2026-04-25 11:36:45,10,35,28.57142857142857
2026-04-25 12:25:56,10,35,28.57142857142857
2026-04-25 13:10:35,15,35,42.857142857142854
2026-04-25 13:53:20,14,35,40
2026-04-25 14:37:51,17,35,48.57142857142857
2026-04-25 15:49:05,11,35,31.428571428571427
2026-04-25 16:32:16,5,35,14.285714285714285
2026-04-25 17:22:25,2,35,5.714285714285714
2026-04-25 17:59:32,2,35,5.714285714285714
2026-04-25 18:52:38,5,35,14.285714285714285
2026-04-25 19:28:30,9,35,25.71428571428571
2026-04-25 20:04:59,12,35,34.285714285714285
2026-04-25 21:08:13,7,35,20
2026-04-25 21:51:52,5,35,14.285714285714285
2026-04-25 22:23:31,7,35,20
2026-04-25 23:01:26,8,35,22.857142857142858
2026-04-25 23:47:52,3,35,8.571428571428571
2026-04-26 00:19:28,0,35,0
2026-04-26 00:58:57,0,35,0
2026-04-26 01:43:05,0,35,0
2026-04-26 03:13:55,0,35,0
2026-04-26 07:33:51,1,35,2.857142857142857
2026-04-26 09:11:15,7,35,20
2026-04-26 10:37:34,11,35,31.428571428571427
2026-04-26 11:34:24,13,35,37.142857142857146
2026-04-26 12:26:34,19,35,54.285714285714285
2026-04-26 13:10:23,17,35,48.57142857142857
2026-04-26 13:54:41,18,35,51.42857142857142
2026-04-26 14:50:29,5,35,14.285714285714285
2026-04-26 15:55:52,14,35,40
2026-04-26 16:39:41,14,35,40
2026-04-26 17:27:45,7,35,20
2026-04-26 18:06:25,10,35,28.57142857142857
2026-04-26 18:59:15,6,35,17.142857142857142
2026-04-26 19:45:29,8,35,22.857142857142858
2026-04-26 20:29:29,10,35,28.57142857142857
2026-04-26 21:29:14,8,35,22.857142857142858
2026-04-26 22:03:31,10,35,28.57142857142857
2026-04-26 22:53:48,5,35,14.285714285714285
2026-04-26 23:29:11,1,35,2.857142857142857
2026-04-27 00:04:14,0,35,0
2026-04-27 00:53:55,0,35,0
2026-04-27 01:30:30,0,35,0
2026-04-27 02:07:05,0,35,0
2026-04-27 07:47:59,7,35,20
2026-04-27 09:57:05,19,35,54.285714285714285
2026-04-27 12:14:15,7,35,20
2026-04-27 13:59:56,9,35,25.71428571428571
2026-04-27 16:15:40,23,35,65.71428571428571
2026-04-27 18:00:02,14,35,40
2026-04-27 19:37:14,31,35,88.57142857142857
2026-04-27 20:51:55,24,35,68.57142857142857
2026-04-27 22:02:00,12,35,34.285714285714285
2026-04-27 23:12:37,5,35,14.285714285714285
2026-04-28 00:07:30,0,35,0
2026-04-28 01:07:42,0,35,0
2026-04-28 02:03:32,0,35,0
2026-04-28 07:53:33,8,35,22.857142857142858
2026-04-28 10:06:01,11,35,31.428571428571427
2026-04-28 12:24:09,9,35,25.71428571428571
2026-04-28 14:08:58,17,35,48.57142857142857
2026-04-28 16:39:40,21,35,60
2026-04-28 18:26:46,15,35,42.857142857142854
2026-04-28 20:02:25,24,35,68.57142857142857
2026-04-28 21:52:34,7,35,20
2026-04-28 22:55:22,3,35,8.571428571428571
2026-04-28 23:52:27,0,35,0
2026-04-29 00:42:59,0,35,0
2026-04-29 01:38:26,0,35,0
2026-04-29 03:22:00,0,35,0
2026-04-29 07:49:02,6,35,17.142857142857142
2026-04-29 09:52:25,19,35,54.285714285714285
2026-04-29 11:53:32,7,35,20
2026-04-29 13:23:25,11,35,31.428571428571427
2026-04-29 15:01:16,12,35,34.285714285714285
2026-04-29 17:22:32,20,35,57.14285714285714
2026-04-29 18:56:56,25,35,71.42857142857143
2026-04-29 20:10:40,16,35,45.714285714285715
2026-04-29 21:52:51,11,35,31.428571428571427
2026-04-29 22:48:46,2,35,5.714285714285714
2026-04-29 23:45:51,1,35,2.857142857142857
2026-04-30 00:40:17,0,35,0
2026-04-30 01:35:53,0,35,0
2026-04-30 03:20:39,0,35,0
2026-04-30 07:52:51,5,35,14.285714285714285
2026-04-30 09:59:25,5,35,14.285714285714285
2026-04-30 12:11:21,13,35,37.142857142857146
2026-04-30 13:53:21,12,35,34.285714285714285
2026-04-30 15:17:41,12,35,34.285714285714285
2026-04-30 17:24:12,15,35,42.857142857142854
2026-04-30 18:53:53,6,35,17.142857142857142
2026-04-30 20:04:09,15,35,42.857142857142854
2026-04-30 21:45:59,5,35,14.285714285714285
2026-04-30 22:44:23,0,35,0
2026-04-30 23:41:13,2,35,5.714285714285714
2026-05-01 00:34:52,0,35,0
2026-05-01 01:31:02,0,35,0
2026-05-01 03:21:56,0,35,0
2026-05-01 08:10:36,2,35,5.714285714285714
2026-05-01 10:24:09,7,35,20
2026-05-01 12:00:53,22,35,62.857142857142854
2026-05-01 13:15:48,17,35,48.57142857142857
2026-05-01 14:07:01,9,35,25.71428571428571
2026-05-01 15:50:57,10,35,28.57142857142857
2026-05-01 16:42:17,8,35,22.857142857142858
2026-05-01 17:39:55,3,35,8.571428571428571
2026-05-01 18:37:52,7,35,20
2026-05-01 19:38:20,5,35,14.285714285714285
2026-05-01 20:44:38,6,35,17.142857142857142
2026-05-01 21:53:36,4,35,11.428571428571429
2026-05-01 22:40:24,3,35,8.571428571428571
2026-05-01 23:36:46,1,35,2.857142857142857
2026-05-02 00:30:48,0,35,0
2026-05-02 01:29:46,0,35,0
2026-05-02 03:12:12,0,35,0
2026-05-02 07:31:17,2,35,5.714285714285714
2026-05-02 09:12:40,8,35,22.857142857142858
2026-05-02 10:43:29,4,35,11.428571428571429
2026-05-02 11:46:21,10,35,28.57142857142857
2026-05-02 12:36:27,12,35,34.285714285714285
2026-05-02 13:27:51,11,35,31.428571428571427
2026-05-02 14:07:17,13,35,37.142857142857146
2026-05-02 15:44:43,9,35,25.71428571428571
2026-05-02 16:35:30,15,35,42.857142857142854
2026-05-02 17:27:25,10,35,28.57142857142857
2026-05-02 18:09:44,6,35,17.142857142857142
2026-05-02 19:05:12,4,35,11.428571428571429
2026-05-02 19:58:21,8,35,22.857142857142858
2026-05-02 21:04:22,4,35,11.428571428571429
2026-05-02 21:56:59,9,35,25.71428571428571
2026-05-02 22:40:48,7,35,20
2026-05-02 23:24:11,5,35,14.285714285714285
2026-05-03 00:03:41,0,35,0
2026-05-03 00:57:05,0,35,0
2026-05-03 01:42:27,0,35,0
2026-05-03 03:20:46,0,35,0
2026-05-03 07:53:05,2,35,5.714285714285714
2026-05-03 09:44:35,8,35,22.857142857142858
2026-05-03 11:07:54,18,35,51.42857142857142
2026-05-03 12:14:57,19,35,54.285714285714285
2026-05-03 13:08:14,12,35,34.285714285714285
2026-05-03 13:56:12,11,35,31.428571428571427
2026-05-03 15:04:07,17,35,48.57142857142857
2026-05-03 16:13:46,18,35,51.42857142857142
2026-05-03 17:06:37,8,35,22.857142857142858
2026-05-03 17:58:28,12,35,34.285714285714285
2026-05-03 18:55:24,12,35,34.285714285714285
2026-05-03 19:42:27,9,35,25.71428571428571
2026-05-03 20:35:47,10,35,28.57142857142857
2026-05-03 21:38:18,9,35,25.71428571428571
2026-05-03 22:22:37,5,35,14.285714285714285
2026-05-03 23:06:37,3,35,8.571428571428571
2026-05-03 23:56:53,0,35,0
2026-05-04 00:40:03,0,35,0
2026-05-04 01:26:59,0,35,0
2026-05-04 02:10:27,0,35,0
2026-05-04 07:58:28,5,35,14.285714285714285
2026-05-04 10:33:24,14,35,40
2026-05-04 12:34:08,6,35,17.142857142857142
2026-05-04 14:11:53,9,35,25.71428571428571
2026-05-04 16:30:20,24,35,68.57142857142857
2026-05-04 18:19:13,22,35,62.857142857142854
2026-05-04 19:54:55,23,35,65.71428571428571
2026-05-04 21:19:51,15,35,42.857142857142854
2026-05-04 22:42:41,4,35,11.428571428571429
2026-05-04 23:45:33,0,35,0
2026-05-05 00:41:47,0,35,0
2026-05-05 01:35:12,0,35,0
2026-05-05 03:14:55,0,35,0
2026-05-05 07:37:09,10,35,28.57142857142857
2026-05-05 09:33:12,7,35,20
2026-05-05 11:30:14,6,35,17.142857142857142
2026-05-05 13:03:25,6,35,17.142857142857142
2026-05-05 14:10:05,10,35,28.57142857142857
2026-05-05 16:23:04,40,35,114.28571428571428
2026-05-05 19:45:44,24,35,68.57142857142857
2026-05-05 20:58:07,18,35,51.42857142857142
2026-05-05 22:08:36,9,35,25.71428571428571
2026-05-05 23:12:05,8,35,22.857142857142858
2026-05-06 00:12:07,0,35,0
2026-05-06 01:11:08,0,35,0
2026-05-06 02:02:35,0,35,0
2026-05-06 07:51:47,7,35,20
2026-05-06 09:58:44,13,35,37.142857142857146
2026-05-06 12:21:55,15,35,42.857142857142854
2026-05-06 14:12:50,12,35,34.285714285714285
2026-05-06 16:46:32,27,35,77.14285714285715
2026-05-06 18:19:52,18,35,51.42857142857142
2026-05-06 19:55:20,14,35,40
2026-05-06 21:29:09,11,35,31.428571428571427
2026-05-06 22:52:55,4,35,11.428571428571429
2026-05-06 23:50:14,0,35,0
2026-05-07 00:35:55,0,35,0
2026-05-07 01:31:04,0,35,0
2026-05-07 03:17:32,0,35,0
2026-05-07 07:56:18,5,35,14.285714285714285
2026-05-07 10:29:35,11,35,31.428571428571427
2026-05-07 12:40:40,16,35,45.714285714285715
2026-05-07 14:20:53,14,35,40
2026-05-07 17:07:36,14,35,40
2026-05-07 19:01:35,19,35,54.285714285714285
2026-05-07 20:50:56,8,35,22.857142857142858
2026-05-07 22:06:32,7,35,20
2026-05-07 23:12:54,8,35,22.857142857142858
2026-05-08 00:16:10,0,35,0
2026-05-08 01:12:51,0,35,0
2026-05-08 02:06:45,0,35,0
2026-05-08 07:25:22,8,35,22.857142857142858
2026-05-08 09:03:59,15,35,42.857142857142854
2026-05-08 10:45:20,13,35,37.142857142857146
2026-05-08 12:09:52,9,35,25.71428571428571
2026-05-08 13:44:21,10,35,28.57142857142857
2026-05-08 14:59:37,20,35,57.14285714285714
2026-05-08 16:56:42,17,35,48.57142857142857
2026-05-08 18:12:24,9,35,25.71428571428571
2026-05-08 19:43:52,4,35,11.428571428571429
2026-05-08 20:57:33,5,35,14.285714285714285
2026-05-08 22:06:25,9,35,25.71428571428571
2026-05-08 23:13:31,2,35,5.714285714285714
2026-05-09 00:11:32,0,35,0
2026-05-09 01:09:32,0,35,0
2026-05-09 02:08:27,0,35,0
2026-05-09 07:43:38,3,35,8.571428571428571
2026-05-09 09:26:51,7,35,20
2026-05-09 10:57:56,9,35,25.71428571428571
2026-05-09 12:06:37,6,35,17.142857142857142
2026-05-09 13:10:03,12,35,34.285714285714285
2026-05-09 13:59:20,15,35,42.857142857142854
2026-05-09 15:38:01,15,35,42.857142857142854
2026-05-09 16:36:22,7,35,20
2026-05-09 17:33:15,4,35,11.428571428571429
2026-05-09 18:31:08,7,35,20
2026-05-09 19:30:43,6,35,17.142857142857142
2026-05-09 20:32:55,3,35,8.571428571428571
2026-05-09 21:41:28,4,35,11.428571428571429
2026-05-09 22:25:42,5,35,14.285714285714285
2026-05-09 23:08:11,4,35,11.428571428571429
2026-05-09 23:58:34,0,35,0
2026-05-10 00:51:25,0,35,0
2026-05-10 01:33:27,0,35,0
2026-05-10 03:22:50,0,35,0
2026-05-10 07:59:05,1,35,2.857142857142857
2026-05-10 10:13:48,8,35,22.857142857142858
2026-05-10 11:48:18,16,35,45.714285714285715
2026-05-10 12:49:01,20,35,57.14285714285714
2026-05-10 13:37:08,16,35,45.714285714285715
2026-05-10 14:38:19,16,35,45.714285714285715
2026-05-10 16:05:14,7,35,20
2026-05-10 17:07:33,8,35,22.857142857142858
2026-05-10 18:05:41,12,35,34.285714285714285
2026-05-10 19:08:50,10,35,28.57142857142857
2026-05-10 20:03:19,12,35,34.285714285714285
2026-05-10 21:18:23,10,35,28.57142857142857
2026-05-10 22:05:30,3,35,8.571428571428571
2026-05-10 23:01:06,4,35,11.428571428571429
2026-05-10 23:56:22,1,35,2.857142857142857
2026-05-11 00:43:37,0,35,0
2026-05-11 01:35:39,0,35,0
2026-05-11 03:28:45,0,35,0
2026-05-11 08:33:16,4,35,11.428571428571429
2026-05-11 12:08:03,14,35,40
2026-05-11 14:49:02,15,35,42.857142857142854
2026-05-11 17:50:00,26,35,74.28571428571429
2026-05-11 19:46:10,29,35,82.85714285714286
2026-05-11 21:20:09,16,35,45.714285714285715
2026-05-11 22:55:56,7,35,20
2026-05-12 00:03:20,0,35,0
2026-05-12 01:05:40,0,35,0
2026-05-12 02:07:46,0,35,0
2026-05-12 08:09:20,6,35,17.142857142857142
2026-05-12 10:52:26,6,35,17.142857142857142
2026-05-12 13:08:00,5,35,14.285714285714285
2026-05-12 15:17:27,14,35,40
2026-05-12 17:46:38,29,35,82.85714285714286
2026-05-12 19:49:43,31,35,88.57142857142857
2026-05-12 21:23:42,17,35,48.57142857142857
2026-05-12 22:56:27,5,35,14.285714285714285
2026-05-13 00:09:58,0,35,0
2026-05-13 01:17:46,0,35,0
2026-05-13 02:15:11,0,35,0
2026-05-13 08:22:06,5,35,14.285714285714285
2026-05-13 11:21:33,8,35,22.857142857142858
2026-05-13 13:37:02,9,35,25.71428571428571
2026-05-13 15:38:01,12,35,34.285714285714285
2026-05-13 18:08:21,17,35,48.57142857142857
2026-05-13 20:14:35,14,35,40
2026-05-13 22:11:17,5,35,14.285714285714285
2026-05-13 23:43:43,3,35,8.571428571428571
2026-05-14 00:48:51,0,35,0
2026-05-14 01:44:04,0,35,0
2026-05-14 03:32:58,0,35,0
2026-05-14 08:19:03,6,35,17.142857142857142
2026-05-14 11:11:06,21,35,60
2026-05-14 13:21:32,24,35,68.57142857142857
2026-05-14 15:11:17,25,35,71.42857142857143
2026-05-14 17:31:29,18,35,51.42857142857142
2026-05-14 19:22:18,16,35,45.714285714285715
2026-05-14 21:13:11,11,35,31.428571428571427
2026-05-14 22:46:04,9,35,25.71428571428571
2026-05-14 23:53:28,3,35,8.571428571428571
2026-05-15 00:48:22,0,35,0
2026-05-15 01:41:12,0,35,0
2026-05-15 03:30:02,0,35,0
2026-05-15 08:28:30,6,35,17.142857142857142
2026-05-15 11:29:48,14,35,40
2026-05-15 13:34:00,6,35,17.142857142857142
2026-05-15 15:14:49,20,35,57.14285714285714
2026-05-15 17:31:12,13,35,37.142857142857146
2026-05-15 19:11:29,11,35,31.428571428571427
2026-05-15 20:52:49,9,35,25.71428571428571
2026-05-15 22:09:15,7,35,20
2026-05-15 23:17:12,6,35,17.142857142857142
2026-05-16 00:12:48,0,35,0
2026-05-16 01:12:08,0,35,0
2026-05-16 02:05:47,0,35,0
2026-05-16 07:49:25,3,35,8.571428571428571
2026-05-16 09:42:36,9,35,25.71428571428571
2026-05-16 11:15:15,18,35,51.42857142857142
2026-05-16 12:38:59,14,35,40
2026-05-16 13:34:44,17,35,48.57142857142857
2026-05-16 14:41:41,16,35,45.714285714285715
2026-05-16 16:08:49,21,35,60
2026-05-16 17:13:36,7,35,20
2026-05-16 18:10:03,9,35,25.71428571428571
2026-05-16 19:13:23,6,35,17.142857142857142
2026-05-16 20:07:00,9,35,25.71428571428571
2026-05-16 21:20:34,4,35,11.428571428571429
2026-05-16 22:08:25,3,35,8.571428571428571
2026-05-16 23:01:52,4,35,11.428571428571429
2026-05-16 23:57:25,1,35,2.857142857142857
2026-05-17 00:45:18,0,35,0
2026-05-17 01:36:00,0,35,0
2026-05-17 03:28:25,0,35,0
2026-05-17 08:17:27,5,35,14.285714285714285
2026-05-17 10:33:38,6,35,17.142857142857142
2026-05-17 12:10:04,8,35,22.857142857142858
2026-05-17 13:32:23,5,35,14.285714285714285
2026-05-17 14:36:47,9,35,25.71428571428571
2026-05-17 16:07:47,2,35,5.714285714285714
2026-05-17 17:14:40,2,35,5.714285714285714
2026-05-17 18:13:32,4,35,11.428571428571429
2026-05-17 19:15:02,0,35,0
2026-05-17 20:11:05,4,35,11.428571428571429
2026-05-17 21:35:23,3,35,8.571428571428571
2026-05-17 22:27:28,3,35,8.571428571428571
2026-05-17 23:27:03,1,35,2.857142857142857
2026-05-18 00:25:13,0,35,0
2026-05-18 01:27:48,0,35,0
2026-05-18 03:27:46,0,35,0
2026-05-18 08:51:31,9,35,25.71428571428571
2026-05-18 12:51:46,7,35,20
2026-05-18 16:20:50,21,35,60
2026-05-18 19:13:14,11,35,31.428571428571427
2026-05-18 21:03:08,16,35,45.714285714285715
2026-05-18 22:41:40,4,35,11.428571428571429
2026-05-18 23:50:26,0,35,0
2026-05-19 00:43:50,0,35,0
2026-05-19 01:46:58,0,35,0
2026-05-19 03:50:04,0,35,0
2026-05-19 08:43:10,9,35,25.71428571428571
2026-05-19 12:27:01,7,35,20
2026-05-19 15:40:03,19,35,54.285714285714285
2026-05-19 18:39:47,20,35,57.14285714285714
2026-05-19 20:25:19,14,35,40
2026-05-19 22:11:19,14,35,40
2026-05-19 23:44:14,7,35,20
2026-05-20 00:48:47,0,35,0
2026-05-20 01:47:29,0,35,0
2026-05-20 03:50:16,0,35,0
2026-05-20 08:43:44,8,35,22.857142857142858
2026-05-20 12:03:31,7,35,20
2026-05-20 14:34:19,9,35,25.71428571428571
2026-05-20 18:08:45,18,35,51.42857142857142
2026-05-20 20:29:14,17,35,48.57142857142857
2026-05-20 22:34:35,5,35,14.285714285714285
2026-05-21 00:13:00,0,35,0
2026-05-21 01:39:08,0,35,0
2026-05-21 03:32:52,0,35,0
2026-05-21 08:48:22,10,35,28.57142857142857
2026-05-21 12:25:59,13,35,37.142857142857146
2026-05-21 15:42:53,13,35,37.142857142857146
2026-05-21 18:29:06,20,35,57.14285714285714
2026-05-21 20:20:31,14,35,40
2026-05-21 22:14:50,7,35,20
2026-05-21 23:50:02,2,35,5.714285714285714
2026-05-22 00:55:15,0,35,0
2026-05-22 01:57:18,0,35,0
2026-05-22 08:44:20,6,35,17.142857142857142
2026-05-22 12:00:47,13,35,37.142857142857146
2026-05-22 14:28:39,8,35,22.857142857142858
2026-05-22 17:35:20,11,35,31.428571428571427
2026-05-22 19:26:08,8,35,22.857142857142858
2026-05-22 21:11:07,3,35,8.571428571428571
2026-05-22 22:47:15,7,35,20
2026-05-22 23:50:22,1,35,2.857142857142857
2026-05-23 00:44:16,0,35,0
2026-05-23 01:48:33,0,35,0
2026-05-23 03:30:19,0,35,0
2026-05-23 08:08:55,1,35,2.857142857142857
2026-05-23 10:30:22,10,35,28.57142857142857
2026-05-23 12:12:54,15,35,42.857142857142854
2026-05-23 13:35:49,10,35,28.57142857142857
2026-05-23 14:39:45,9,35,25.71428571428571
2026-05-23 16:13:25,10,35,28.57142857142857
2026-05-23 17:31:29,8,35,22.857142857142858
2026-05-23 18:32:11,4,35,11.428571428571429
2026-05-23 19:35:48,5,35,14.285714285714285
2026-05-23 20:39:26,10,35,28.57142857142857
2026-05-23 21:47:56,5,35,14.285714285714285
2026-05-23 22:34:09,6,35,17.142857142857142
2026-05-23 23:31:31,3,35,8.571428571428571
2026-05-24 00:28:22,0,35,0
2026-05-24 01:30:28,0,35,0
2026-05-24 03:30:41,0,35,0
2026-05-24 08:32:25,2,35,5.714285714285714
2026-05-24 11:06:29,15,35,42.857142857142854
2026-05-24 12:48:51,13,35,37.142857142857146
2026-05-24 13:53:59,11,35,31.428571428571427
2026-05-24 15:01:50,11,35,31.428571428571427
2026-05-24 16:41:17,14,35,40
2026-05-24 17:46:46,7,35,20
2026-05-24 18:44:31,11,35,31.428571428571427
2026-05-24 19:42:46,6,35,17.142857142857142
2026-05-24 20:48:15,4,35,11.428571428571429
2026-05-24 21:54:50,4,35,11.428571428571429
2026-05-24 22:46:09,7,35,20
2026-05-24 23:40:32,5,35,14.285714285714285
2026-05-25 00:39:44,0,35,0
2026-05-25 01:41:44,0,35,0
2026-05-25 03:52:06,0,35,0
2026-05-25 09:09:14,6,35,17.142857142857142
2026-05-25 13:16:04,14,35,40
2026-05-25 16:17:53,15,35,42.857142857142854
2026-05-25 18:34:06,11,35,31.428571428571427
2026-05-25 20:12:09,22,35,62.857142857142854
2026-05-25 21:58:24,8,35,22.857142857142858
2026-05-25 23:11:56,3,35,8.571428571428571
2026-05-26 00:17:09,0,35,0
2026-05-26 01:34:08,0,35,0
2026-05-26 03:27:04,0,35,0
2026-05-26 08:41:07,7,35,20
2026-05-26 12:36:51,5,35,14.285714285714285
2026-05-26 15:37:23,14,35,40
2026-05-26 18:59:31,22,35,62.857142857142854
2026-05-26 21:22:14,12,35,34.285714285714285
2026-05-26 23:03:44,7,35,20
2026-05-27 00:36:30,0,35,0
2026-05-27 01:44:40,0,35,0
2026-05-27 03:52:20,0,35,0
2026-05-27 08:59:22,5,35,14.285714285714285
2026-05-27 12:57:50,3,35,8.571428571428571
2026-05-27 16:27:07,17,35,48.57142857142857
2026-05-27 19:40:22,14,35,40
2026-05-27 21:47:55,11,35,31.428571428571427
2026-05-27 23:29:06,4,35,11.428571428571429
2026-05-28 00:57:02,0,35,0
2026-05-28 01:59:41,0,35,0
2026-05-28 08:49:50,9,35,25.71428571428571
2026-05-28 12:42:10,8,35,22.857142857142858
2026-05-28 16:23:43,16,35,45.714285714285715
2026-05-28 19:46:37,12,35,34.285714285714285
2026-05-28 21:57:00,6,35,17.142857142857142
2026-05-28 23:54:20,5,35,14.285714285714285
2026-05-29 01:07:35,0,35,0
2026-05-29 02:17:49,0,35,0
2026-05-29 08:49:13,6,35,17.142857142857142
2026-05-29 12:35:18,11,35,31.428571428571427
2026-05-29 15:46:47,13,35,37.142857142857146
2026-05-29 19:03:44,15,35,42.857142857142854
2026-05-29 21:38:20,3,35,8.571428571428571
2026-05-29 23:25:15,7,35,20
2026-05-30 00:48:10,0,35,0
2026-05-30 01:57:25,0,35,0
2026-05-30 08:19:24,4,35,11.428571428571429
2026-05-30 10:41:45,10,35,28.57142857142857
2026-05-30 12:28:42,13,35,37.142857142857146
2026-05-30 13:53:10,13,35,37.142857142857146
2026-05-30 14:59:37,6,35,17.142857142857142
2026-05-30 16:42:36,7,35,20
2026-05-30 17:51:07,7,35,20
2026-05-30 18:46:40,8,35,22.857142857142858
2026-05-30 19:47:12,8,35,22.857142857142858
2026-05-30 20:50:33,5,35,14.285714285714285
2026-05-30 21:59:02,5,35,14.285714285714285
2026-05-30 23:04:22,2,35,5.714285714285714
2026-05-31 00:09:30,0,35,0
2026-05-31 01:13:02,0,35,0
2026-05-31 02:14:18,0,35,0
2026-05-31 08:54:33,5,35,14.285714285714285
2026-05-31 11:44:10,12,35,34.285714285714285
2026-05-31 13:21:00,7,35,20
2026-05-31 14:52:01,14,35,40
2026-05-31 16:23:37,8,35,22.857142857142858
2026-05-31 17:44:56,9,35,25.71428571428571
2026-05-31 18:47:07,11,35,31.428571428571427
2026-05-31 19:47:03,9,35,25.71428571428571
2026-05-31 20:55:09,6,35,17.142857142857142
2026-05-31 22:02:54,8,35,22.857142857142858
2026-05-31 23:11:36,0,35,0
2026-06-01 00:13:09,0,35,0
2026-06-01 01:18:04,0,35,0
2026-06-01 02:17:11,0,35,0
2026-06-01 10:29:37,8,35,22.857142857142858
2026-06-01 16:36:43,17,35,48.57142857142857
2026-06-01 21:31:05,10,35,28.57142857142857
2026-06-02 00:22:37,0,35,0
2026-06-02 01:46:51,0,35,0
2026-06-02 04:04:41,0,35,0
2026-06-02 09:20:21,4,35,11.428571428571429
2026-06-02 13:45:21,6,35,17.142857142857142
2026-06-02 17:46:10,20,35,57.14285714285714
2026-06-02 21:29:34,11,35,31.428571428571427
2026-06-03 00:07:10,0,35,0
2026-06-03 02:00:19,0,35,0
2026-06-03 10:11:09,5,35,14.285714285714285
2026-06-03 14:49:47,7,35,20
2026-06-03 19:52:53,20,35,57.14285714285714
2026-06-03 22:43:30,2,35,5.714285714285714
2026-06-04 00:53:14,0,35,0
2026-06-04 02:24:14,0,35,0
2026-06-04 09:20:11,5,35,14.285714285714285
2026-06-04 12:45:18,8,35,22.857142857142858
2026-06-04 15:48:58,15,35,42.857142857142854
2026-06-04 18:39:16,23,35,65.71428571428571
2026-06-04 21:04:32,18,35,51.42857142857142
2026-06-04 23:00:51,11,35,31.428571428571427
2026-06-05 00:26:06,0,35,0
2026-06-05 01:44:01,0,35,0
2026-06-05 03:53:59,0,35,0
2026-06-05 09:03:14,5,35,14.285714285714285
2026-06-05 12:53:11,10,35,28.57142857142857
2026-06-05 15:46:14,16,35,45.714285714285715
2026-06-05 18:19:00,17,35,48.57142857142857
2026-06-05 20:15:58,6,35,17.142857142857142
2026-06-05 22:15:28,8,35,22.857142857142858
2026-06-05 23:46:26,2,35,5.714285714285714
2026-06-06 00:48:23,0,35,0
2026-06-06 01:52:57,0,35,0
2026-06-06 03:56:57,0,35,0
2026-06-06 08:24:26,3,35,8.571428571428571
2026-06-06 11:05:53,8,35,22.857142857142858
2026-06-06 12:57:54,18,35,51.42857142857142
2026-06-06 14:05:16,10,35,28.57142857142857
2026-06-06 16:04:41,10,35,28.57142857142857
2026-06-06 17:23:29,6,35,17.142857142857142
2026-06-06 18:36:55,7,35,20
2026-06-06 19:45:58,7,35,20
2026-06-06 20:55:58,8,35,22.857142857142858
2026-06-06 22:06:42,5,35,14.285714285714285
2026-06-06 23:15:11,5,35,14.285714285714285
2026-06-07 00:18:31,0,35,0
2026-06-07 01:31:05,0,35,0
2026-06-07 03:38:11,0,35,0
2026-06-07 09:02:00,2,35,5.714285714285714
2026-06-07 12:08:48,18,35,51.42857142857142
2026-06-07 14:00:58,20,35,57.14285714285714
2026-06-07 16:13:03,15,35,42.857142857142854
2026-06-07 17:42:48,6,35,17.142857142857142
2026-06-07 18:57:25,5,35,14.285714285714285
2026-06-07 20:04:53,4,35,11.428571428571429
2026-06-07 21:44:03,11,35,31.428571428571427
2026-06-07 22:52:38,3,35,8.571428571428571
2026-06-07 23:55:43,1,35,2.857142857142857
2026-06-08 01:00:40,0,35,0
2026-06-08 02:18:15,0,35,0
2026-06-08 09:26:11,11,35,31.428571428571427
2026-06-08 14:13:26,8,35,22.857142857142858
2026-06-08 18:20:09,20,35,57.14285714285714
2026-06-08 20:38:51,21,35,60
2026-06-08 23:04:25,6,35,17.142857142857142
2026-06-09 00:44:18,0,35,0
2026-06-09 01:51:05,0,35,0
2026-06-09 03:44:29,0,35,0
2026-06-09 08:43:22,6,35,17.142857142857142
2026-06-09 12:23:44,14,35,40
2026-06-09 15:20:43,13,35,37.142857142857146
2026-06-09 18:14:15,17,35,48.57142857142857
2026-06-09 20:21:57,17,35,48.57142857142857
2026-06-09 22:22:00,2,35,5.714285714285714
2026-06-10 00:00:09,0,35,0
2026-06-10 01:22:54,0,35,0
2026-06-10 03:33:44,0,35,0
2026-06-10 09:04:33,6,35,17.142857142857142
2026-06-10 13:01:16,19,35,54.285714285714285
2026-06-10 16:26:40,16,35,45.714285714285715
2026-06-10 19:41:01,20,35,57.14285714285714
2026-06-10 21:56:56,10,35,28.57142857142857
2026-06-11 00:00:53,0,35,0
2026-06-11 01:41:45,0,35,0
2026-06-11 04:03:54,0,35,0
2026-06-11 09:25:48,13,35,37.142857142857146
2026-06-11 13:53:42,12,35,34.285714285714285
2026-06-11 17:33:50,21,35,60
2026-06-11 20:35:21,14,35,40
2026-06-11 23:04:33,6,35,17.142857142857142
2026-06-12 00:53:53,0,35,0
2026-06-12 02:14:35,0,35,0
2026-06-12 09:18:18,4,35,11.428571428571429
2026-06-12 13:10:21,9,35,25.71428571428571
2026-06-12 16:14:20,9,35,25.71428571428571
2026-06-12 19:16:38,7,35,20
2026-06-12 21:24:04,11,35,31.428571428571427
2026-06-12 23:10:09,2,35,5.714285714285714
2026-06-13 00:45:39,0,35,0
2026-06-13 02:06:42,0,35,0
2026-06-13 08:54:19,5,35,14.285714285714285
2026-06-13 11:52:04,11,35,31.428571428571427
2026-06-13 13:44:09,11,35,31.428571428571427
2026-06-13 15:12:23,18,35,51.42857142857142
2026-06-13 17:10:33,11,35,31.428571428571427
2026-06-13 18:44:27,7,35,20
2026-06-13 19:58:07,6,35,17.142857142857142
2026-06-13 21:39:36,7,35,20
2026-06-13 22:51:33,3,35,8.571428571428571
2026-06-13 23:54:03,1,35,2.857142857142857
2026-06-14 00:54:47,0,35,0
2026-06-14 02:00:15,0,35,0
2026-06-14 09:18:56,4,35,11.428571428571429
2026-06-14 12:33:13,16,35,45.714285714285715
2026-06-14 14:25:53,12,35,34.285714285714285
2026-06-14 16:38:50,16,35,45.714285714285715
2026-06-14 18:09:23,5,35,14.285714285714285
2026-06-14 19:45:18,7,35,20
2026-06-14 20:59:45,3,35,8.571428571428571
2026-06-14 22:21:50,5,35,14.285714285714285
2026-06-14 23:46:06,1,35,2.857142857142857
2026-06-15 00:53:35,0,35,0
2026-06-15 02:00:25,0,35,0
2026-06-15 10:55:34,9,35,25.71428571428571
2026-06-15 17:10:16,28,35,80
2026-06-15 21:07:58,13,35,37.142857142857146
2026-06-15 23:47:55,2,35,5.714285714285714
2026-06-16 01:25:37,0,35,0
2026-06-16 04:05:22,0,35,0
2026-06-16 10:41:56,9,35,25.71428571428571
2026-06-16 15:17:13,15,35,42.857142857142854
2026-06-16 20:11:33,14,35,40
2026-06-16 23:18:13,3,35,8.571428571428571
2026-06-17 00:58:02,0,35,0
2026-06-17 02:18:23,0,35,0
2026-06-17 10:24:10,7,35,20
2026-06-17 14:32:50,9,35,25.71428571428571
2026-06-17 18:25:08,20,35,57.14285714285714
2026-06-17 20:39:14,14,35,40
2026-06-17 22:54:38,2,35,5.714285714285714
2026-06-18 00:41:43,0,35,0
2026-06-18 02:02:27,0,35,0
2026-06-18 10:03:02,8,35,22.857142857142858
2026-06-18 13:55:47,6,35,17.142857142857142
2026-06-18 16:58:12,20,35,57.14285714285714
2026-06-18 20:05:52,9,35,25.71428571428571
2026-06-18 22:37:03,4,35,11.428571428571429
2026-06-19 00:31:50,0,35,0
2026-06-19 02:11:57,0,35,0
2026-06-19 10:27:29,7,35,20
2026-06-19 14:30:42,10,35,28.57142857142857
2026-06-19 17:49:52,13,35,37.142857142857146
2026-06-19 19:44:08,12,35,34.285714285714285
2026-06-19 21:17:37,8,35,22.857142857142858
2026-06-19 22:48:36,2,35,5.714285714285714
2026-06-19 23:54:17,3,35,8.571428571428571
2026-06-20 00:44:57,0,35,0
2026-06-20 01:50:11,0,35,0
2026-06-20 03:55:02,0,35,0
2026-06-20 08:57:08,4,35,11.428571428571429
2026-06-20 12:08:25,12,35,34.285714285714285
2026-06-20 14:07:10,9,35,25.71428571428571
2026-06-20 16:27:06,5,35,14.285714285714285
2026-06-20 17:57:39,7,35,20
2026-06-20 19:26:38,5,35,14.285714285714285
2026-06-20 20:53:42,7,35,20
2026-06-20 22:11:11,4,35,11.428571428571429
2026-06-20 23:39:13,2,35,5.714285714285714
2026-06-21 00:47:33,0,35,0
2026-06-21 01:52:53,0,35,0
2026-06-21 04:28:00,0,35,0
2026-06-21 09:28:42,4,35,11.428571428571429
2026-06-21 12:52:28,11,35,31.428571428571427
2026-06-21 14:59:01,11,35,31.428571428571427
2026-06-21 17:11:45,7,35,20
2026-06-21 18:54:30,3,35,8.571428571428571
2026-06-21 20:14:58,6,35,17.142857142857142
2026-06-21 22:04:17,4,35,11.428571428571429
2026-06-21 23:37:55,3,35,8.571428571428571
2026-06-22 00:46:34,0,35,0
2026-06-22 01:58:26,0,35,0
2026-06-22 10:52:49,8,35,22.857142857142858
2026-06-22 16:22:11,20,35,57.14285714285714
2026-06-22 20:29:12,19,35,54.285714285714285
2026-06-22 23:20:07,5,35,14.285714285714285
2026-06-23 00:57:12,0,35,0
2026-06-23 02:05:50,0,35,0
2026-06-23 08:43:43,5,35,14.285714285714285
2026-06-23 12:23:02,4,35,11.428571428571429
2026-06-23 15:19:01,18,35,51.42857142857142
2026-06-23 18:06:43,14,35,40
2026-06-23 20:08:37,20,35,57.14285714285714
2026-06-23 22:20:22,7,35,20
2026-06-23 23:52:45,3,35,8.571428571428571
2026-06-24 00:56:44,0,35,0
2026-06-24 01:54:58,0,35,0
2026-06-24 04:40:04,0,35,0
2026-06-24 08:40:57,4,35,11.428571428571429
2026-06-24 12:00:40,8,35,22.857142857142858
2026-06-24 14:24:33,9,35,25.71428571428571
2026-06-24 17:15:49,18,35,51.42857142857142
2026-06-24 19:20:33,23,35,65.71428571428571
2026-06-24 21:03:42,7,35,20
2026-06-24 22:52:40,4,35,11.428571428571429
2026-06-25 00:04:26,0,35,0
2026-06-25 01:17:49,0,35,0
2026-06-25 03:28:42,0,35,0
2026-06-25 08:42:38,6,35,17.142857142857142
2026-06-25 11:57:22,4,35,11.428571428571429
2026-06-25 14:21:21,9,35,25.71428571428571
2026-06-25 17:20:17,9,35,25.71428571428571
2026-06-25 19:25:46,9,35,25.71428571428571
2026-06-25 21:22:25,10,35,28.57142857142857
2026-06-25 23:07:45,3,35,8.571428571428571
2026-06-26 00:42:17,0,35,0
2026-06-26 01:57:59,0,35,0
2026-06-26 08:49:57,4,35,11.428571428571429
2026-06-26 12:10:32,10,35,28.57142857142857
2026-06-26 14:25:58,10,35,28.57142857142857
2026-06-26 17:08:47,14,35,40
2026-06-26 19:06:16,2,35,5.714285714285714
2026-06-26 21:00:08,2,35,5.714285714285714
2026-06-26 22:48:45,0,35,0
2026-06-26 23:55:13,0,35,0
2026-06-27 01:00:13,0,35,0
2026-06-27 02:16:22,0,35,0
2026-06-27 08:25:39,6,35,17.142857142857142
2026-06-27 11:10:03,10,35,28.57142857142857
2026-06-27 13:03:04,9,35,25.71428571428571
2026-06-27 14:13:56,8,35,22.857142857142858
2026-06-27 16:06:48,5,35,14.285714285714285
2026-06-27 17:35:40,6,35,17.142857142857142
2026-06-27 18:42:53,5,35,14.285714285714285
2026-06-27 19:45:21,6,35,17.142857142857142
2026-06-27 20:54:10,10,35,28.57142857142857
2026-06-27 22:03:16,5,35,14.285714285714285
2026-06-27 23:15:30,0,35,0
2026-06-28 00:17:32,0,35,0
2026-06-28 01:30:33,0,35,0
2026-06-28 03:35:20,0,35,0
2026-06-28 08:58:24,6,35,17.142857142857142
2026-06-28 12:04:24,20,35,57.14285714285714
2026-06-28 13:55:52,5,35,14.285714285714285
2026-06-28 15:28:13,6,35,17.142857142857142
2026-06-28 17:03:57,2,35,5.714285714285714
2026-06-28 18:21:10,6,35,17.142857142857142
2026-06-28 19:39:03,9,35,25.71428571428571
2026-06-28 20:48:52,12,35,34.285714285714285
2026-06-28 22:01:30,7,35,20
2026-06-28 23:12:19,3,35,8.571428571428571
2026-06-29 00:14:03,0,35,0
2026-06-29 01:18:49,0,35,0
2026-06-29 03:33:49,0,35,0
2026-06-29 09:25:17,9,35,25.71428571428571
2026-06-29 14:13:49,7,35,20
2026-06-29 18:11:10,7,35,20
2026-06-29 20:22:02,11,35,31.428571428571427
2026-06-29 22:18:29,9,35,25.71428571428571
2026-06-29 23:46:17,1,35,2.857142857142857
2026-06-30 00:41:22,0,35,0
2026-06-30 01:39:51,0,35,0
2026-06-30 03:36:01,0,35,0
2026-06-30 08:51:58,5,35,14.285714285714285
2026-06-30 12:19:46,7,35,20
2026-06-30 14:25:52,10,35,28.57142857142857
2026-06-30 17:07:56,19,35,54.285714285714285
2026-06-30 19:12:08,6,35,17.142857142857142
2026-06-30 21:05:00,1,35,2.857142857142857
2026-06-30 23:02:19,3,35,8.571428571428571
2026-07-01 00:23:28,0,35,0
2026-07-01 01:41:40,0,35,0
2026-07-01 03:56:03,0,35,0
2026-07-01 09:06:34,1,35,2.857142857142857
2026-07-01 12:47:40,11,35,31.428571428571427
2026-07-01 15:26:55,5,35,14.285714285714285
2026-07-01 18:04:29,13,35,37.142857142857146
2026-07-01 20:07:29,9,35,25.71428571428571
2026-07-01 22:08:17,7,35,20
2026-07-01 23:44:33,1,35,2.857142857142857
2026-07-02 00:53:40,0,35,0
2026-07-02 02:00:34,0,35,0
2026-07-02 08:35:05,2,35,5.714285714285714
2026-07-02 11:45:26,9,35,25.71428571428571
2026-07-02 13:57:00,10,35,28.57142857142857
2026-07-02 15:58:17,13,35,37.142857142857146
2026-07-02 18:05:40,21,35,60
2026-07-02 19:59:46,11,35,31.428571428571427
2026-07-02 21:41:47,4,35,11.428571428571429
2026-07-02 22:44:13,1,35,2.857142857142857
2026-07-02 23:49:12,2,35,5.714285714285714
2026-07-03 00:50:24,0,35,0
2026-07-03 01:49:45,0,35,0
2026-07-03 03:21:33,0,35,0
2026-07-03 08:25:39,3,35,8.571428571428571
2026-07-03 11:40:36,12,35,34.285714285714285
2026-07-03 13:54:54,13,35,37.142857142857146
2026-07-03 15:48:46,17,35,48.57142857142857
2026-07-03 17:44:38,10,35,28.57142857142857
2026-07-03 19:04:42,10,35,28.57142857142857
2026-07-03 20:21:38,7,35,20
2026-07-03 21:54:21,6,35,17.142857142857142
2026-07-03 22:54:35,3,35,8.571428571428571
2026-07-03 23:59:04,0,35,0
2026-07-04 01:09:08,0,35,0
2026-07-04 02:15:29,0,35,0
2026-07-04 08:13:41,7,35,20
2026-07-04 11:00:57,12,35,34.285714285714285
2026-07-04 12:57:52,4,35,11.428571428571429
2026-07-04 14:07:12,9,35,25.71428571428571
2026-07-04 15:55:04,7,35,20
2026-07-04 17:00:27,7,35,20
2026-07-04 18:10:37,1,35,2.857142857142857
2026-07-04 19:17:51,3,35,8.571428571428571
2026-07-04 20:15:09,7,35,20
2026-07-04 21:38:59,4,35,11.428571428571429
2026-07-04 22:34:06,1,35,2.857142857142857
2026-07-04 23:32:51,0,35,0
2026-07-05 00:32:26,0,35,0
2026-07-05 01:35:11,0,35,0
2026-07-05 03:20:06,0,35,0
2026-07-05 08:34:56,1,35,2.857142857142857
2026-07-05 11:29:51,10,35,28.57142857142857
2026-07-05 13:16:49,3,35,8.571428571428571
2026-07-05 14:42:39,13,35,37.142857142857146
2026-07-05 16:20:16,4,35,11.428571428571429
2026-07-05 17:40:19,10,35,28.57142857142857
2026-07-05 18:42:46,7,35,20
2026-07-05 19:45:31,8,35,22.857142857142858
2026-07-05 20:47:57,11,35,31.428571428571427
2026-07-05 22:01:50,3,35,8.571428571428571
2026-07-05 23:12:50,2,35,5.714285714285714
2026-07-06 00:13:17,0,35,0
2026-07-06 01:19:07,0,35,0
2026-07-06 03:10:50,0,35,0
2026-07-06 09:05:40,6,35,17.142857142857142
2026-07-06 13:42:20,7,35,20
2026-07-06 16:44:44,12,35,34.285714285714285
2026-07-06 19:29:22,10,35,28.57142857142857
2026-07-06 21:17:20,5,35,14.285714285714285
2026-07-06 23:03:12,2,35,5.714285714285714
2026-07-07 00:22:09,0,35,0
2026-07-07 01:33:37,0,35,0
2026-07-07 03:19:22,0,35,0
2026-07-07 08:40:11,4,35,11.428571428571429
2026-07-07 12:13:36,12,35,34.285714285714285
2026-07-07 14:38:25,11,35,31.428571428571427
2026-07-07 17:32:59,20,35,57.14285714285714
2026-07-07 19:33:59,13,35,37.142857142857146
2026-07-07 21:22:48,23,35,65.71428571428571
2026-07-07 23:00:05,1,35,2.857142857142857
2026-07-08 00:17:05,0,35,0
2026-07-08 01:15:44,0,35,0
2026-07-08 02:13:29,0,35,0
2026-07-08 07:44:27,5,35,14.285714285714285
2026-07-08 09:58:46,4,35,11.428571428571429
2026-07-08 12:21:48,11,35,31.428571428571427
2026-07-08 13:58:55,8,35,22.857142857142858
2026-07-08 16:24:35,21,35,60
2026-07-08 18:13:17,10,35,28.57142857142857
2026-07-08 19:51:53,19,35,54.285714285714285
2026-07-08 20:58:41,4,35,11.428571428571429
2026-07-08 22:23:18,7,35,20
2026-07-08 23:36:09,2,35,5.714285714285714
2026-07-09 00:38:15,0,35,0
2026-07-09 01:42:12,0,35,0
2026-07-09 03:15:14,0,35,0
2026-07-09 08:42:10,7,35,20
2026-07-09 12:05:52,4,35,11.428571428571429
2026-07-09 14:45:30,7,35,20
2026-07-09 17:45:10,18,35,51.42857142857142
2026-07-09 19:33:53,9,35,25.71428571428571
2026-07-09 21:09:31,7,35,20
2026-07-09 22:55:04,5,35,14.285714285714285
2026-07-10 00:16:11,0,35,0
2026-07-10 01:38:48,0,35,0
2026-07-10 03:13:51,0,35,0
2026-07-10 08:38:00,1,35,2.857142857142857
2026-07-10 12:03:13,14,35,40
2026-07-10 14:32:22,6,35,17.142857142857142
2026-07-10 17:15:09,6,35,17.142857142857142
2026-07-10 19:10:39,4,35,11.428571428571429
2026-07-10 20:43:38,5,35,14.285714285714285
2026-07-10 22:06:15,5,35,14.285714285714285
2026-07-10 23:16:46,2,35,5.714285714285714
2026-07-11 00:26:33,0,35,0
2026-07-11 01:27:05,0,35,0
2026-07-11 02:56:19,0,35,0
2026-07-11 07:34:18,6,35,17.142857142857142
2026-07-11 09:25:17,4,35,11.428571428571429
2026-07-11 11:05:48,8,35,22.857142857142858
2026-07-11 12:22:48,13,35,37.142857142857146
2026-07-11 13:27:31,12,35,34.285714285714285
2026-07-11 14:27:56,8,35,22.857142857142858
2026-07-11 16:00:53,9,35,25.71428571428571
2026-07-11 17:03:49,7,35,20
2026-07-11 18:04:02,5,35,14.285714285714285
2026-07-11 19:09:36,2,35,5.714285714285714
2026-07-11 20:04:52,4,35,11.428571428571429
2026-07-11 21:20:44,7,35,20
2026-07-11 22:12:24,2,35,5.714285714285714
2026-07-11 23:06:23,0,35,0
2026-07-12 00:02:09,0,35,0
2026-07-12 00:59:32,0,35,0
2026-07-12 02:02:14,0,35,0
2026-07-12 07:50:29,1,35,2.857142857142857
2026-07-12 09:51:00,1,35,2.857142857142857
2026-07-12 11:30:20,5,35,14.285714285714285
2026-07-12 12:55:55,3,35,8.571428571428571
2026-07-12 13:55:53,2,35,5.714285714285714
2026-07-12 15:11:08,7,35,20
2026-07-12 16:36:55,7,35,20
2026-07-12 17:38:35,6,35,17.142857142857142
2026-07-12 18:32:12,6,35,17.142857142857142
2026-07-12 19:35:32,3,35,8.571428571428571
2026-07-12 20:31:04,4,35,11.428571428571429
2026-07-12 21:41:42,5,35,14.285714285714285
2026-07-12 22:26:12,3,35,8.571428571428571
2026-07-12 23:22:04,2,35,5.714285714285714
2026-07-13 00:11:10,0,35,0
2026-07-13 01:08:06,0,35,0
2026-07-13 02:07:39,0,35,0
2026-07-13 08:08:45,5,35,14.285714285714285
2026-07-13 11:45:33,14,35,40
2026-07-13 14:22:42,18,35,51.42857142857142
2026-07-13 17:17:10,16,35,45.714285714285715
2026-07-13 19:24:01,5,35,14.285714285714285
2026-07-13 20:53:11,4,35,11.428571428571429
2026-07-13 22:06:11,3,35,8.571428571428571
2026-07-13 23:09:53,2,35,5.714285714285714
2026-07-14 00:07:30,0,35,0
2026-07-14 01:08:54,0,35,0
2026-07-14 02:04:19,0,35,0
2026-07-14 07:23:10,4,35,11.428571428571429
2026-07-14 09:22:36,4,35,11.428571428571429
2026-07-14 11:20:12,7,35,20
2026-07-14 12:58:10,3,35,8.571428571428571
2026-07-14 14:15:05,7,35,20
2026-07-14 16:14:56,16,35,45.714285714285715
2026-07-14 17:47:50,11,35,31.428571428571427
2026-07-14 18:54:49,7,35,20
2026-07-14 19:57:04,11,35,31.428571428571427
2026-07-14 21:17:58,6,35,17.142857142857142
2026-07-14 22:32:44,0,35,0
2026-07-14 23:32:29,3,35,8.571428571428571
2026-07-15 00:33:58,0,35,0
2026-07-15 01:27:32,0,35,0
2026-07-15 02:49:43,0,35,0
2026-07-15 07:24:34,1,35,2.857142857142857
2026-07-15 09:26:43,9,35,25.71428571428571
2026-07-15 11:28:02,7,35,20
2026-07-15 13:08:32,6,35,17.142857142857142
2026-07-15 14:40:11,10,35,28.57142857142857
2026-07-15 16:24:54,13,35,37.142857142857146
2026-07-15 17:58:48,9,35,25.71428571428571
2026-07-15 19:20:17,11,35,31.428571428571427
2026-07-15 20:34:05,5,35,14.285714285714285
2026-07-15 21:47:35,2,35,5.714285714285714
2026-07-15 22:44:15,1,35,2.857142857142857
2026-07-15 23:40:15,0,35,0
2026-07-16 00:38:52,0,35,0
2026-07-16 01:38:28,0,35,0
2026-07-16 03:05:08,0,35,0
2026-07-16 07:33:34,5,35,14.285714285714285
2026-07-16 09:36:41,3,35,8.571428571428571
2026-07-16 11:36:33,6,35,17.142857142857142
2026-07-16 13:20:00,10,35,28.57142857142857
2026-07-16 14:54:31,2,35,5.714285714285714
2026-07-16 16:52:39,4,35,11.428571428571429
2026-07-16 18:07:14,6,35,17.142857142857142
2026-07-16 19:36:48,7,35,20
2026-07-16 20:43:58,8,35,22.857142857142858
2026-07-16 21:46:26,1,35,2.857142857142857
2026-07-16 22:36:19,2,35,5.714285714285714
2026-07-16 23:40:51,2,35,5.714285714285714
2026-07-17 00:37:10,0,35,0
2026-07-17 01:33:09,0,35,0
2026-07-17 03:06:13,0,35,0
2026-07-17 07:35:12,3,35,8.571428571428571
2026-07-17 09:34:43,8,35,22.857142857142858
2026-07-17 11:28:42,5,35,14.285714285714285
2026-07-17 13:05:26,10,35,28.57142857142857
2026-07-17 14:18:26,9,35,25.71428571428571
2026-07-17 16:06:49,11,35,31.428571428571427
2026-07-17 17:34:34,10,35,28.57142857142857
2026-07-17 18:42:43,9,35,25.71428571428571
2026-07-17 19:45:49,13,35,37.142857142857146
2026-07-17 20:41:44,5,35,14.285714285714285
2026-07-17 21:46:32,8,35,22.857142857142858
2026-07-17 22:36:52,4,35,11.428571428571429
2026-07-17 23:27:58,1,35,2.857142857142857
2026-07-18 00:21:45,0,35,0
2026-07-18 01:11:56,0,35,0
2026-07-18 02:08:13,0,35,0
2026-07-18 07:18:22,1,35,2.857142857142857
2026-07-18 09:11:41,6,35,17.142857142857142
2026-07-18 10:57:34,9,35,25.71428571428571
2026-07-18 12:18:25,9,35,25.71428571428571
2026-07-18 13:25:55,9,35,25.71428571428571
2026-07-18 14:10:52,9,35,25.71428571428571
2026-07-18 15:45:59,13,35,37.142857142857146
2026-07-18 16:40:07,7,35,20
2026-07-18 17:35:58,5,35,14.285714285714285
2026-07-18 18:32:27,4,35,11.428571428571429
2026-07-18 19:34:17,7,35,20
2026-07-18 20:31:51,6,35,17.142857142857142
2026-07-18 21:44:37,3,35,8.571428571428571
2026-07-18 22:31:41,2,35,5.714285714285714
2026-07-18 23:26:29,0,35,0
2026-07-19 00:14:14,0,35,0
2026-07-19 01:11:44,0,35,0
2026-07-19 02:09:17,0,35,0
2026-07-19 07:44:47,0,35,0
2026-07-19 09:49:29,3,35,8.571428571428571
2026-07-19 11:31:13,12,35,34.285714285714285
2026-07-19 12:55:26,5,35,14.285714285714285
2026-07-19 13:52:11,11,35,31.428571428571427
2026-07-19 14:41:28,7,35,20
2026-07-19 16:11:35,11,35,31.428571428571427
2026-07-19 17:13:54,7,35,20
2026-07-19 18:10:57,7,35,20
2026-07-19 19:14:26,5,35,14.285714285714285
2026-07-19 20:09:06,5,35,14.285714285714285
2026-07-19 21:28:35,2,35,5.714285714285714
2026-07-19 22:23:26,0,35,0
2026-07-19 23:10:59,0,35,0
2026-07-20 00:07:38,0,35,0
2026-07-20 01:06:41,0,35,0
2026-07-20 02:07:32,0,35,0
2026-07-20 08:10:33,5,35,14.285714285714285
2026-07-20 11:32:08,10,35,28.57142857142857
2026-07-20 14:01:22,3,35,8.571428571428571
2026-07-20 16:26:05,13,35,37.142857142857146
2026-07-20 18:07:26,10,35,28.57142857142857
2026-07-20 20:15:18,12,35,34.285714285714285
2026-07-20 21:57:54,5,35,14.285714285714285
2026-07-20 23:12:34,4,35,11.428571428571429
2026-07-21 00:12:55,0,35,0
2026-07-21 01:14:17,0,35,0
2026-07-21 02:10:32,0,35,0
2026-07-21 07:43:36,3,35,8.571428571428571
2026-07-21 09:57:51,5,35,14.285714285714285
2026-07-21 12:25:43,6,35,17.142857142857142
2026-07-21 14:07:06,15,35,42.857142857142854
2026-07-21 16:17:17,5,35,14.285714285714285
2026-07-21 17:55:13,10,35,28.57142857142857
2026-07-21 19:10:00,15,35,42.857142857142854
2026-07-21 20:38:34,7,35,20
2026-07-21 22:04:51,12,35,34.285714285714285
2026-07-21 23:22:14,2,35,5.714285714285714
2026-07-22 00:15:24,0,35,0
2026-07-22 01:13:27,0,35,0
2026-07-22 02:08:03,0,35,0
2026-07-22 07:42:39,3,35,8.571428571428571
2026-07-22 09:57:38,4,35,11.428571428571429
2026-07-22 12:25:14,7,35,20
2026-07-22 14:10:35,10,35,28.57142857142857
2026-07-22 16:20:08,24,35,68.57142857142857
2026-07-22 17:53:42,1,35,2.857142857142857
2026-07-22 19:06:19,11,35,31.428571428571427
2026-07-22 20:18:54,11,35,31.428571428571427
2026-07-22 21:48:39,11,35,31.428571428571427
2026-07-22 22:48:31,3,35,8.571428571428571
2026-07-22 23:53:14,1,35,2.857142857142857
2026-07-23 00:44:51,0,35,0
2026-07-23 01:43:16,0,35,0
2026-07-23 03:13:05,0,35,0
2026-07-23 07:47:37,4,35,11.428571428571429
2026-07-23 10:02:28,6,35,17.142857142857142
2026-07-23 12:32:05,3,35,8.571428571428571
2026-07-23 14:10:56,14,35,40
2026-07-23 16:29:30,17,35,48.57142857142857
2026-07-23 18:08:51,4,35,11.428571428571429
2026-07-23 19:43:33,8,35,22.857142857142858
2026-07-23 20:49:39,6,35,17.142857142857142
2026-07-23 22:02:47,7,35,20
2026-07-23 23:16:41,1,35,2.857142857142857
2026-07-24 00:16:56,0,35,0
2026-07-24 01:14:01,0,35,0
2026-07-24 02:11:30,0,35,0
2026-07-24 07:43:40,4,35,11.428571428571429
2026-07-24 09:57:49,3,35,8.571428571428571
2026-07-24 12:18:53,12,35,34.285714285714285
2026-07-24 13:57:07,8,35,22.857142857142858
2026-07-24 15:43:17,12,35,34.285714285714285
2026-07-24 17:16:28,7,35,20
2026-07-24 18:58:31,6,35,17.142857142857142
2026-07-24 20:19:50,6,35,17.142857142857142
2026-07-24 21:50:39,5,35,14.285714285714285
2026-07-24 22:51:49,6,35,17.142857142857142
2026-07-24 23:50:01,1,35,2.857142857142857
2026-07-25 00:45:23,0,35,0
2026-07-25 01:44:58,0,35,0
2026-07-25 03:11:55,0,35,0
2026-07-25 07:37:52,0,35,0
2026-07-25 09:35:21,3,35,8.571428571428571
2026-07-25 11:19:18,6,35,17.142857142857142
2026-07-25 12:47:27,10,35,28.57142857142857
2026-07-25 13:51:55,9,35,25.71428571428571
2026-07-25 14:50:53,6,35,17.142857142857142
2026-07-25 16:23:10,8,35,22.857142857142858
2026-07-25 17:33:28,8,35,22.857142857142858
2026-07-25 18:27:40,4,35,11.428571428571429
2026-07-25 19:31:38,4,35,11.428571428571429
2026-07-25 20:29:06,6,35,17.142857142857142
2026-07-25 21:44:21,6,35,17.142857142857142
2026-07-25 22:33:12,6,35,17.142857142857142
2026-07-25 23:28:45,5,35,14.285714285714285
2026-07-26 00:27:39,0,35,0
2026-07-26 01:29:50,0,35,0
2026-07-26 03:08:04,0,35,0
2026-07-26 07:54:06,3,35,8.571428571428571
2026-07-26 10:09:28,2,35,5.714285714285714
2026-07-26 12:10:56,9,35,25.71428571428571
2026-07-26 13:35:44,12,35,34.285714285714285
2026-07-26 14:41:44,11,35,31.428571428571427
2026-07-26 16:14:20,10,35,28.57142857142857
2026-07-26 17:31:33,9,35,25.71428571428571
2026-07-26 18:30:02,6,35,17.142857142857142
2026-07-26 19:35:02,5,35,14.285714285714285
2026-07-26 20:37:39,4,35,11.428571428571429
2026-07-26 21:49:22,2,35,5.714285714285714
2026-07-26 22:40:23,2,35,5.714285714285714
2026-07-26 23:37:41,2,35,5.714285714285714
2026-07-27 00:38:06,0,35,0
2026-07-27 01:38:10,0,35,0
2026-07-27 03:15:28,0,35,0
2026-07-27 08:22:05,3,35,8.571428571428571
2026-07-27 12:12:22,8,35,22.857142857142858
2026-07-27 15:21:39,5,35,14.285714285714285
2026-07-27 17:56:15,15,35,42.857142857142854
2026-07-27 19:39:29,18,35,51.42857142857142
2026-07-27 21:00:25,9,35,25.71428571428571
2026-07-27 22:26:07,8,35,22.857142857142858
2026-07-27 23:36:32,3,35,8.571428571428571
2026-07-28 00:38:39,0,35,0
2026-07-28 01:41:25,0,35,0
2026-07-28 03:02:19,0,35,0
2026-07-28 07:40:19,5,35,14.285714285714285
2026-07-28 10:05:14,6,35,17.142857142857142
2026-07-28 12:43:02,7,35,20
2026-07-28 14:25:13,16,35,45.714285714285715
2026-07-28 16:57:03,11,35,31.428571428571427
2026-07-28 18:39:31,15,35,42.857142857142854
2026-07-28 20:01:55,15,35,42.857142857142854
2026-07-28 21:45:00,7,35,20
2026-07-28 22:48:43,2,35,5.714285714285714
